poi_name,category,subcategory,lat,long,202501,202502,202503,202504,202505,202506,202507,202508,202509,202510,202511,202512,total_2025
Emmanuel Church,Cultural_Heritage,Church,51.3748384,-0.0167743,49,55,70,57,38,45,55,52,56,46,49,50,622 
Spiritualist Church,Cultural_Heritage,Church,51.3774846,-0.0202472,1795,1597,1662,1997,1671,1431,1366,1465,1492,1624,1499,1275,18874 
Christ Church,Cultural_Heritage,Church,51.3823656,-0.1092362,137,115,116,93,87,91,91,243,99,122,123,106,1423 
Croydon Minster,Cultural_Heritage,Church,51.3727519,-0.1061751,502,341,543,441,607,326,409,1009,659,622,496,493,6448 
St Michael and All Angels Church,Cultural_Heritage,Church,51.4078424,-0.0520672,64,100,74,70,79,81,136,115,129,98,92,116,1154 
"St George's Church, Beckenham",Cultural_Heritage,Church,51.4092,-0.0247,320,164,176,153,128,122,140,133,157,185,204,182,2064 
Church of the Nazarene,Cultural_Heritage,Church,51.3804552,-0.0868991,19425,16624,18279,18515,18390,15488,15575,19732,15698,17186,15349,14413,204674 
"St John the Evangelist, Upper Norwood",Cultural_Heritage,Church,51.4116002,-0.0802758,194,123,124,137,104,95,87,107,129,120,114,151,1485 
"Holy Innocents Church, South Norwood",Cultural_Heritage,Church,51.3971,-0.0795757,39,33,40,36,31,22,29,28,41,33,42,283,657 
"Christ Church, Gipsy Hill",Cultural_Heritage,Church,51.4216603,-0.0838676,71,53,49,38,50,68,53,68,65,48,55,52,670 
Holy Trinity Church,Cultural_Heritage,Church,51.4186706,-0.0487358,135,148,141,140,129,156,133,129,130,129,136,128,1634 
New Life Church,Cultural_Heritage,Church,51.309411,0.0367481,570,455,357,331,245,203,250,269,301,283,229,285,3778 
Jubilee Centre,Cultural_Heritage,Church,51.3959122,0.0378556,146,152,145,114,122,137,119,250,173,157,124,135,1774 
Christ Lutheran Church,Cultural_Heritage,Church,51.390627,0.095141,18,18,7,8,4,1,11,17,14,61,22,31,212 
King's Church,Cultural_Heritage,Church,51.4036122,0.1038381,87,59,81,64,82,59,51,92,86,58,75,61,855 
St. Mary's Church,Cultural_Heritage,Church,51.390775,0.11512,532,563,515,516,569,464,482,443,500,471,436,474,5965 
"St Mark's Church, Bromley",Cultural_Heritage,Church,51.3984698,0.0157707,94,74,85,75,79,70,76,112,193,341,416,411,2026 
St George's Church,Cultural_Heritage,Church,51.4391083,-0.0342185,217,151,219,271,225,200,274,243,251,269,210,294,2824 
St Saviour's Church,Cultural_Heritage,Church,51.4452178,-0.0432266,41,46,44,21,29,55,25,46,18,34,49,52,460 
Trinity Presbyterian Church,Cultural_Heritage,Church,51.4438768,0.0147108,8,14,14,14,8,9,8,12,11,11,10,18,137 
"St George's Church, Hanworth",Cultural_Heritage,Church,51.4350267,-0.4008742,77,49,71,71,58,92,62,63,86,103,88,269,1089 
All Saints Church,Cultural_Heritage,Church,51.4418312,-0.3907236,231,210,226,180,177,222,214,170,254,189,256,208,2537 
Whitton Methodist Church,Cultural_Heritage,Church,51.4450279,-0.3620847,13,13,14,12,6,17,10,26,28,19,19,21,198 
Hampton Hill United Reformed Church,Cultural_Heritage,Church,51.4237389,-0.3584845,18,16,17,12,11,10,9,11,16,14,21,9,164 
Teddington Methodist Church,Cultural_Heritage,Church,51.4276576,-0.3400455,11,7,24,13,16,11,9,29,25,19,17,27,208 
Twickenham United Reformed Church,Cultural_Heritage,Church,51.4429477,-0.3435852,17,17,23,15,11,11,19,30,28,31,20,26,248 
Twickenham Methodist Church,Cultural_Heritage,Church,51.4465752,-0.3302752,23,16,25,23,25,25,10,38,32,31,35,53,336 
Amyand Park Chapel,Cultural_Heritage,Church,51.4543012,-0.3211491,31,38,49,35,26,35,46,36,31,36,39,32,434 
"First Church of Christ, Scientist, Richmond",Cultural_Heritage,Church,51.4610096,-0.3001,37,49,80,69,67,64,36,55,71,77,79,53,737 
"St John the Divine, Richmond",Cultural_Heritage,Church,51.4641454,-0.3001676,86,61,124,76,73,84,70,83,64,102,140,119,1082 
The Coptic Orthodox Church,Cultural_Heritage,Church,51.480148,-0.357692,41434,32384,39832,53996,54873,31428,30997,30632,33087,33873,36992,37481,457009 
Living Church,Cultural_Heritage,Church,51.5011244,-0.4250043,567,476,535,560,738,561,631,689,647,726,636,845,7611 
St. Anselm's Church,Cultural_Heritage,Church,51.5036978,-0.380513,7,8,20,10,3,2,3,10,11,15,12,8,109 
Holy Trinity Richmond,Cultural_Heritage,Church,51.462757,-0.2931659,34,33,35,32,35,28,36,42,27,34,36,52,424 
St Elizabeth of Portugal Church,Cultural_Heritage,Church,51.4574911,-0.3032512,500,275,397,321,341,336,307,356,284,302,422,300,4141 
Christian Fellowship in Richmond,Cultural_Heritage,Church,51.4593357,-0.3023466,52,39,68,33,36,34,45,33,39,56,38,41,514 
"The Barn Church, Kew",Cultural_Heritage,Church,51.4722428,-0.282244,81,89,71,93,70,65,59,84,93,102,99,89,995 
Russian Orthodox Church,Cultural_Heritage,Church,51.4898013,-0.2759104,38597,32253,39619,44310,43948,24743,25473,29996,27453,27035,27615,31148,392190 
Barnes Healing Church,Cultural_Heritage,Church,51.4685613,-0.2544494,19,24,29,16,19,13,23,32,39,30,39,28,311 
Barnes Methodist Church,Cultural_Heritage,Church,51.4718346,-0.2466562,24,20,26,16,21,31,24,29,30,26,26,32,305 
International Presbyterian Church,Cultural_Heritage,Church,51.5155618,-0.3254161,574,556,397,363,461,393,307,422,393,432,489,415,5202 
Welsh Presbyterian Church,Cultural_Heritage,Church,51.5093389,-0.3063721,18,10,11,10,5,4,8,8,8,11,12,9,114 
Ealing Abbey,Cultural_Heritage,Church,51.5202355,-0.308825,549,477,628,555,560,914,365,372,393,419,517,882,6631 
Church of the Ascension,Cultural_Heritage,Church,51.5219209,-0.2907293,133,92,112,97,109,88,80,105,70,122,132,107,1247 
St Mary's Perivale,Cultural_Heritage,Church,51.5320981,-0.3225905,108,143,120,103,128,122,112,116,193,245,99,119,1608 
St. Aidan's Church,Cultural_Heritage,Church,51.5150069,-0.2498993,2,9,12,9,7,12,8,10,8,7,5,19,108 
St James Church Alperton,Cultural_Heritage,Church,51.5429189,-0.2937662,32,36,25,27,24,50,20,36,30,45,36,29,390 
St Michael & All Angels,Cultural_Heritage,Church,51.5875189,0.2017362,30,48,36,40,24,36,47,32,142,28,27,18,508 
Church of the Good Shepherd,Cultural_Heritage,Church,51.5904511,0.1661167,89,58,50,74,57,37,41,31,61,67,50,72,687 
"St Andrew's Church, Hornchurch",Cultural_Heritage,Church,51.5605754,0.2260095,161,136,121,112,91,100,108,113,117,110,133,139,1441 
"Church of St Laurence, Upminster",Cultural_Heritage,Church,51.5557662,0.2480441,143,114,142,107,100,104,98,144,94,131,185,140,1502 
Holy Cross Church,Cultural_Heritage,Church,51.5654097,0.1954024,38,91,92,55,51,35,44,46,35,40,47,36,610 
House of the Good Shepherd,Cultural_Heritage,Church,51.5428602,-0.4808633,75,89,69,104,82,95,137,90,220,107,119,79,1266 
The Church of Jesus Christ of Latter-day Saints,Cultural_Heritage,Church,51.5716555,-0.4340331,260757,184643,176392,149294,135974,115975,120124,117704,233249,167740,126898,164249,1952999 
Belmont Hall,Cultural_Heritage,Church,51.5812761,-0.3442532,8,1,4,0,5,0,5,4,5,8,5,6,51 
Cornerstone Church,Cultural_Heritage,Church,51.596332,-0.3353003,161,61,64,103,89,63,43,58,57,87,60,93,939 
Universal Church of the Kingdom of God,Cultural_Heritage,Church,51.5426191,-0.198618,6822,6037,6491,7948,6936,7096,6620,6823,6836,6888,7830,9312,85639 
"Emmanuel Church, West Hampstead",Cultural_Heritage,Church,51.5527,-0.1925,54,62,62,48,52,53,45,60,50,95,75,82,738 
Trinity Church,Cultural_Heritage,Church,51.6160037,-0.2447353,102,96,105,77,60,66,89,89,97,91,76,93,1041 
Finchley Methodist Church,Cultural_Heritage,Church,51.6073016,-0.1852541,8,16,24,9,10,8,12,24,11,14,11,16,163 
"St Alban's Catholic Church, North Finchley",Cultural_Heritage,Church,51.6137922,-0.1802189,29,47,36,38,31,21,24,20,23,42,41,28,380 
Barnet United Reformed Church,Cultural_Heritage,Church,51.653201,-0.2042429,21,11,14,14,5,7,11,20,11,18,21,18,171 
"St Mark's Church, Barnet Vale",Cultural_Heritage,Church,51.653128,-0.1849057,25,33,33,28,14,32,26,20,29,35,41,30,346 
St John's Downshire Hill,Cultural_Heritage,Church,51.5558904,-0.1697675,93,120,105,109,104,99,84,115,121,122,93,135,1300 
"Christ Church, Hampstead",Cultural_Heritage,Church,51.5595622,-0.1768011,167,205,602,207,162,161,177,196,138,131,202,158,2506 
East Finchley Methodist Church,Cultural_Heritage,Church,51.5934029,-0.1677532,18,20,36,9,10,11,12,16,14,19,15,17,197 
"United Reformed Church, Muswell Hill",Cultural_Heritage,Church,51.5915291,-0.1487199,19,27,33,30,14,31,27,20,22,34,43,35,335 
Muswell Hill Baptist Church,Cultural_Heritage,Church,51.5915899,-0.1413463,11,22,17,12,20,10,22,14,12,19,25,18,202 
Westminster Cathedral,Cultural_Heritage,Church,51.4961111,-0.1397222,10455,8555,10023,17898,13438,7831,8495,9449,21782,11885,8791,11622,140224 
Christ Apostolic Church,Cultural_Heritage,Church,51.474428,-0.1398,2823,1993,1864,1675,1731,1635,1583,2964,1881,1850,1720,1542,23261 
"St Paul's Church, Clapham",Cultural_Heritage,Church,51.4685066,-0.1401461,122,116,114,116,116,124,102,140,129,136,188,231,1634 
"St Saviour's, Pimlico",Cultural_Heritage,Church,51.4884823,-0.1353467,357,185,219,201,193,171,210,200,205,216,215,301,2673 
Lady Chapel,Cultural_Heritage,Church,51.499331,-0.1264574,1449,1142,1307,1250,1284,1032,1054,1128,1118,1054,1071,1461,14350 
Body of Christ Church,Cultural_Heritage,Church,51.4642803,-0.114584,20,26,56,63,49,26,31,29,33,32,30,18,413 
CAC,Cultural_Heritage,Church,51.47481,-0.09313,263,213,285,299,240,245,189,242,207,211,233,284,2911 
"Christ Church, Brixton Road",Cultural_Heritage,Church,51.4775528,-0.1125424,228,105,125,122,120,73,103,109,121,143,109,152,1510 
Michael Church,Cultural_Heritage,Church,51.4719154,-0.1053633,25,14,32,20,18,16,28,9,25,25,26,28,266 
"Church of the Sacred Heart, Camberwell",Cultural_Heritage,Church,51.474813,-0.097167,58,80,92,84,53,56,46,54,57,59,66,43,748 
Mateo,Cultural_Heritage,Church,51.4932583,-0.116303,224,196,255,176,293,189,184,199,179,217,258,278,2648 
Metropolitan Tabernacle,Cultural_Heritage,Church,51.4941334,-0.1009285,2073,1870,2134,2075,2056,1866,2016,1997,1873,1788,1767,1809,23324 
The Church of England,Cultural_Heritage,Church,51.4977,-0.11887,71307,57129,67847,80208,79843,50229,68813,58022,58310,104332,62593,59512,818145 
Deeper Christian Life Ministry,Cultural_Heritage,Church,51.4990342,-0.1021613,1974,1190,1203,1180,1380,1035,1086,1491,1068,1042,1026,1227,14902 
"St George's Cathedral, Southwark",Cultural_Heritage,Church,51.4975637,-0.1078083,1101,1063,1197,2793,1313,906,1077,1018,973,1925,1045,1239,15650 
"St George the Martyr, Southwark",Cultural_Heritage,Church,51.5012814,-0.092633,559,370,502,453,486,399,427,443,380,498,403,651,5571 
The Borough Welsh Congregational Chapel,Cultural_Heritage,Church,51.5029045,-0.0967491,42,43,41,26,37,47,41,32,32,39,50,32,462 
Trinity Congregational Church,Cultural_Heritage,Church,51.4577045,-0.115768,6,2,2,0,3,1,1,2,7,4,2,2,32 
Church Of God In Christ,Cultural_Heritage,Church,51.4815482,-0.1197973,13255,9917,11085,10788,11089,12381,10126,10594,9777,8939,12263,9527,129741 
Priscilla,Cultural_Heritage,Church,51.4885592,-0.0789118,1975,1633,1844,1754,1758,1513,1737,1621,1467,1662,1488,1326,19778 
Southwark Cathedral,Cultural_Heritage,Church,51.5061083,-0.0895986,4073,3945,4146,3954,3813,3477,3912,4109,4122,4664,3785,4237,48237 
Redeemed Christian Church of God,Cultural_Heritage,Church,51.4820423,-0.0618272,6051,5089,6014,4914,4905,4654,4329,6452,4259,4782,4739,4044,60232 
Faith Chapel,Cultural_Heritage,Church,51.4663997,-0.0735955,5,13,7,4,1,5,8,12,6,6,8,18,93 
Celestial Church of Christ,Cultural_Heritage,Church,51.4801844,-0.0707587,3878,3041,3268,3237,3297,2756,2860,3624,3326,3216,2144,2604,37251 
Eternal Life,Cultural_Heritage,Church,51.481048,-0.0604156,97,126,122,128,103,95,87,88,101,83,76,88,1194 
Our Lady of Lourdes Church,Cultural_Heritage,Church,51.4477244,0.0137216,27,28,26,23,22,10,28,15,17,29,19,13,257 
New Testament Church of God,Cultural_Heritage,Church,51.4576864,0.008264,101,85,122,112,83,76,85,123,88,133,108,97,1213 
Boone's Chapel,Cultural_Heritage,Church,51.4587124,0.0029449,43,28,50,37,52,51,46,69,51,83,73,67,650 
New Wine Church,Cultural_Heritage,Church,51.4931976,0.0606978,242,205,187,208,300,183,220,248,220,201,195,209,2618 
Christian Life Centre,Cultural_Heritage,Church,51.5038503,0.1166952,253,216,253,245,248,187,212,183,168,182,193,180,2520 
Holy Redeemer Church,Cultural_Heritage,Church,51.4435374,0.0902255,21,6,13,11,13,12,16,13,15,28,26,23,197 
British Orthodox Church,Cultural_Heritage,Church,51.4877966,0.0460569,2994,2387,2660,3706,3811,2330,2171,2334,3908,2755,2799,2901,34756 
St. Thomas' Church,Cultural_Heritage,Church,51.4887432,0.046606,163,127,113,164,129,118,132,101,125,142,125,144,1583 
Church of the Cross,Cultural_Heritage,Church,51.4940366,0.127542,220,206,246,384,153,183,187,161,152,186,197,190,2465 
Southgate Methodist Church,Cultural_Heritage,Church,51.631735,-0.1240549,15,22,12,15,8,9,14,23,15,14,14,34,195 
St. Paul's Church,Cultural_Heritage,Church,51.6355563,-0.1059295,78,73,89,71,101,120,61,62,68,71,64,63,921 
Jubilee Church London,Cultural_Heritage,Church,51.6446083,-0.0585419,75,89,75,22,17,27,10,23,27,62,62,60,549 
"St Alphege Church, Edmonton",Cultural_Heritage,Church,51.6389588,-0.0493796,18,22,23,24,7,10,11,17,27,14,13,8,194 
St. Mary's Parish Hall,Cultural_Heritage,Church,51.5648673,-0.0104511,97,76,98,114,81,87,81,70,86,64,148,308,1310 
The Engine Room,Cultural_Heritage,Church,51.5899289,-0.0570075,34,38,44,36,29,29,59,46,33,30,39,27,444 
Ganesh Temple,Cultural_Heritage,Church,51.590708,-0.019121,24,25,31,18,11,9,12,21,20,22,10,16,219 
St Peter-in-the-Forest,Cultural_Heritage,Church,51.5871241,0.006472,39,45,51,40,64,59,41,43,51,70,58,61,622 
Chingford United Reformed Church,Cultural_Heritage,Church,51.6329547,0.0051305,16,21,22,12,4,8,14,34,20,19,26,34,230 
Christ Evangelical Church,Cultural_Heritage,Church,51.558821,0.0128391,31,19,35,32,26,27,34,42,30,34,30,36,376 
Broadmead Baptist Church,Cultural_Heritage,Church,51.6022859,0.0455685,73,93,114,59,59,76,110,100,92,74,79,68,997 
"St Edmund's Church, Forest Gate",Cultural_Heritage,Church,51.5443173,0.0367727,38,37,26,37,31,22,35,24,31,31,38,27,377 
Woodgrange Baptist Church,Cultural_Heritage,Church,51.5468863,0.0284681,6,14,16,22,17,10,15,8,15,13,12,16,164 
"St Alban's Church, Ilford",Cultural_Heritage,Church,51.5567013,0.0761605,23,29,35,50,9,28,21,39,28,21,23,26,332 
Wanstead United Reformed Church,Cultural_Heritage,Church,51.5789312,0.0263574,40,42,37,38,42,25,27,33,37,38,43,70,472 
Lumley Chapel,Cultural_Heritage,Church,51.3606759,-0.2161014,163,67,111,85,99,88,117,90,115,134,112,104,1285 
St Dunstan's Church,Cultural_Heritage,Church,51.3607735,-0.215842,24,18,26,21,22,23,15,28,17,27,31,19,271 
Hampton Methodist Church,Cultural_Heritage,Church,51.4173147,-0.3738512,15,25,35,29,21,13,18,29,23,24,16,34,282 
Dundonald Church,Cultural_Heritage,Church,51.4104499,-0.2218836,130,107,112,98,100,83,149,129,107,141,119,136,1411 
"St Winefride Church, South Wimbledon",Cultural_Heritage,Church,51.4195473,-0.1938809,61,92,94,62,52,61,53,47,49,48,56,58,733 
Putney Methodist Church,Cultural_Heritage,Church,51.4620968,-0.222201,19,12,16,14,10,24,19,26,17,13,20,21,211 
Anchor Church,Cultural_Heritage,Church,51.4478999,-0.1891174,423,372,463,513,504,347,448,846,409,410,333,267,5335 
"St Dionis, Parsons Green",Cultural_Heritage,Church,51.4735713,-0.2007156,81,76,72,67,38,49,38,56,65,85,72,85,784 
Casa de Dios,Cultural_Heritage,Church,51.481329,-0.191488,188,159,217,330,217,348,246,180,144,181,164,183,2557 
Moravian Church,Cultural_Heritage,Church,51.4836362,-0.1759419,35897,29532,35465,32356,29955,26453,29044,30513,27408,29240,28836,37311,372010 
Rivercourt Methodist Church,Cultural_Heritage,Church,51.4928817,-0.2361083,21,26,38,37,29,28,34,43,37,33,22,26,374 
"St Francis of Assisi Church, Notting Hill",Cultural_Heritage,Church,51.50987,-0.2108873,170,146,183,259,220,120,156,182,202,306,208,179,2331 
Holy Trinity Catholic Church,Cultural_Heritage,Church,51.4948291,-0.2166376,10,4,10,5,8,9,6,4,8,13,10,5,92 
Dissenters' Chapel,Cultural_Heritage,Church,51.5269466,-0.2159163,43,29,32,25,33,22,25,27,32,25,30,17,340 
"St Cuthbert's, Earls Court",Cultural_Heritage,Church,51.4912543,-0.2003945,168,163,173,184,200,187,161,150,182,179,189,300,2236 
Our Lady of Sorrows,Cultural_Heritage,Church,51.5214252,-0.1915666,12018,11051,14552,17988,12951,10202,10517,13004,28759,11926,11244,11819,166031 
Kensington Temple,Cultural_Heritage,Church,51.5100697,-0.1986403,478,474,572,506,431,450,444,474,453,406,450,444,5582 
Elim Pentecostal Church,Cultural_Heritage,Church,51.509942,-0.198174,2094,1763,2013,1902,1706,1827,1613,1761,1661,1849,1671,1711,21571 
Comboni Missionaries,Cultural_Heritage,Church,51.512685,-0.1959438,15,22,15,9,9,7,6,13,11,22,16,10,155 
"Our Lady of Victories, Kensington",Cultural_Heritage,Church,51.4988055,-0.1969069,221,180,216,219,200,201,164,189,202,224,156,161,2333 
St Mary the Boltons,Cultural_Heritage,Church,51.4889153,-0.1845528,95,100,120,98,80,112,101,111,150,138,141,193,1439 
Kensington United Reformed Church,Cultural_Heritage,Church,51.4987096,-0.1951785,30,43,45,25,23,16,37,26,34,56,37,32,404 
"St Mark's Coptic Orthodox Church, London",Cultural_Heritage,Church,51.4971883,-0.1945788,140,104,152,140,114,133,106,113,123,138,145,134,1542 
Greek Orthodox Archdiocese of Thyateira and Great Britain,Cultural_Heritage,Church,51.5130803,-0.1802583,1151,1250,1395,1571,1241,1203,1081,1277,1243,1497,1556,1554,16019 
"St Stephen's, Gloucester Road",Cultural_Heritage,Church,51.4958073,-0.1833029,373,307,323,344,281,341,342,318,242,270,285,382,3808 
"66 Old Church Street, Chelsea",Cultural_Heritage,Church,51.4879645,-0.1743368,276,296,286,175,186,183,251,257,225,216,170,156,2677 
Deutsche Evangelische Christuskirche,Cultural_Heritage,Church,51.4996497,-0.1663813,92,73,81,102,68,66,77,102,70,99,129,89,1048 
"Church of the Annunciation, Marble Arch",Cultural_Heritage,Church,51.5144,-0.158582,141,139,180,135,108,137,132,172,152,156,142,151,1745 
"St Mary's, Bourne Street",Cultural_Heritage,Church,51.4917564,-0.1542282,200,163,216,177,144,152,159,150,206,158,232,180,2137 
Grosvenor Chapel,Cultural_Heritage,Church,51.5089987,-0.1514013,1101,356,354,304,404,368,443,477,494,469,555,915,6240 
Hinde Street Methodist Church,Cultural_Heritage,Church,51.5171137,-0.1511367,74,79,96,78,54,75,84,92,90,85,68,77,952 
"St Cyprian's, Clarence Gate",Cultural_Heritage,Church,51.5243354,-0.1598696,198,168,190,154,188,219,192,224,360,264,279,253,2689 
"St Anne's Church, Soho",Cultural_Heritage,Church,51.5124241,-0.132144,602,560,696,573,527,520,601,670,525,640,576,614,7104 
St. Peter's Church,Cultural_Heritage,Church,51.5154472,-0.1472361,157,156,132,187,184,113,119,152,132,327,121,139,1919 
French Protestant Church of London,Cultural_Heritage,Church,51.5156025,-0.1329693,286,270,324,323,288,301,310,369,340,344,367,334,3856 
Fitzrovia Chapel,Cultural_Heritage,Church,51.5189688,-0.1382755,2124,1116,808,767,804,741,762,848,852,895,1133,1401,12251 
"St Charles Borromeo Church, Westminster",Cultural_Heritage,Church,51.5200657,-0.1399763,93,90,132,104,114,94,87,80,116,135,126,138,1309 
The Church of Jesus Christ of Latter-day Saints in the United Kingdom,Cultural_Heritage,Church,51.5224161,-0.1318359,1279,898,933,712,681,766,608,566,752,654,690,700,9239 
Christ Community Church,Cultural_Heritage,Church,51.53075,-0.13004,478,424,481,511,486,397,492,446,424,412,391,377,5319 
St Martin-in-the-Fields,Cultural_Heritage,Church,51.5088328,-0.1266653,6020,5493,5743,5291,5291,4615,5035,5691,5595,5791,5956,6935,67456 
St Mary le Strand,Cultural_Heritage,Church,51.5121357,-0.1168938,1126,988,1148,893,887,757,1023,819,894,918,978,934,11365 
"Corpus Christi Catholic Church, Maiden Lane",Cultural_Heritage,Church,51.5107788,-0.1224243,197,177,237,299,357,312,268,257,252,443,433,423,3655 
"St Silas Church, Kentish Town",Cultural_Heritage,Church,51.5465342,-0.152345,100,102,165,106,120,78,104,136,123,120,121,120,1395 
"St Paul's Church, Camden Square",Cultural_Heritage,Church,51.5457668,-0.1309074,60,61,56,40,51,57,66,81,65,57,66,57,717 
Temple Church,Cultural_Heritage,Church,51.5132689,-0.1101697,7867,7175,8083,7456,7951,6627,7030,7550,7364,8237,8226,7788,91354 
St Dunstan-in-the-West,Cultural_Heritage,Church,51.5141609,-0.1101509,896,914,921,922,797,817,762,832,1049,1041,874,962,10787 
St John on Bethnal Green,Cultural_Heritage,Church,51.5274791,-0.0547651,177,202,186,194,116,105,117,126,129,139,142,142,1775 
"St Thomas's Church, West Ham",Cultural_Heritage,Church,51.534596,0.004142,19,26,35,18,16,16,14,36,20,17,24,11,252 
St George's German Lutheran Church,Cultural_Heritage,Church,51.5140975,-0.0703969,134,166,147,142,111,126,147,150,164,152,191,260,1890 
White Chapel,Cultural_Heritage,Church,51.518318,-0.06247,782,631,588,430,412,318,253,308,350,749,760,691,6272 
Stepney Meeting House,Cultural_Heritage,Church,51.5173206,-0.052217,40,30,33,25,15,20,34,47,26,38,33,23,364 
"St Chad's Church, Haggerston",Cultural_Heritage,Church,51.5317199,-0.073441,69,48,66,88,68,50,89,72,155,120,107,96,1028 
"St Mary, Stoke Newington",Cultural_Heritage,Church,51.5607512,-0.0847563,118,114,179,180,106,138,191,181,140,170,140,179,1836 
St Mary Moorfields,Cultural_Heritage,Church,51.5187271,-0.0857102,292,220,294,439,351,193,278,294,320,305,214,275,3475 
Abney Park Chapel,Cultural_Heritage,Church,51.5644165,-0.0773192,169,133,157,130,142,161,118,179,167,167,141,130,1794 
Cross Street Baptist Church,Cultural_Heritage,Church,51.5389746,-0.0997397,15,22,18,13,11,14,16,12,22,32,14,31,220 
New Unity,Cultural_Heritage,Church,51.5403424,-0.1024242,4052,4276,4963,3834,4066,6064,3625,3885,3945,5598,5692,4422,54422 
"St Clement's Church, King Square",Cultural_Heritage,Church,51.5277422,-0.0978837,76,64,71,56,53,50,72,57,55,61,75,101,791 
Friends of Friendless Churches,Cultural_Heritage,Church,51.5200666,-0.1032435,455,358,405,393,413,411,493,526,525,450,723,778,5930 
The Saint,Cultural_Heritage,Church,51.51998,-0.10202,303,268,312,695,304,254,235,308,277,283,278,240,3757 
Homerton Baptist Church,Cultural_Heritage,Church,51.5459173,-0.0420397,22,24,23,15,9,19,21,32,29,26,28,26,274 
Georgian Orthodox Church,Cultural_Heritage,Church,51.5733903,-0.066767,8427,6492,7891,9208,9216,7671,7594,7326,7001,7666,7554,8279,94325 
St Mary of Eton,Cultural_Heritage,Church,51.5453988,-0.0303167,72,78,59,69,64,60,53,80,118,92,74,98,917 
"St Philip the Apostle, Tottenham",Cultural_Heritage,Church,51.5885465,-0.0833389,31,24,35,26,30,22,29,30,29,27,22,37,342 
Braemar Avenue Baptist Church,Cultural_Heritage,Church,51.6008291,-0.1173261,26,18,26,15,16,17,23,21,30,26,20,19,257 
"St Paul's Church, Tottenham",Cultural_Heritage,Church,51.6022599,-0.0638217,104,40,39,51,34,27,53,43,47,53,42,53,586 
"St Luke's Church, Canning Town",Cultural_Heritage,Church,51.5285142,0.0135611,105,111,139,113,139,83,109,109,160,143,95,141,1447 
"St George and St Ethelbert's Church, East Ham",Cultural_Heritage,Church,51.5262079,0.0479212,27,29,45,29,33,28,22,23,34,22,54,22,368 
"St Martin's Church, Plaistow",Cultural_Heritage,Church,51.5293947,0.037438,65,39,41,31,55,38,41,52,116,52,64,42,636 
East Ham Baptist Church,Cultural_Heritage,Church,51.5389501,0.0446607,37,30,24,18,33,30,21,19,19,18,27,30,306 
Mount Zion Church,Cultural_Heritage,Church,51.5359651,0.0526066,26,27,42,31,19,14,24,35,17,23,17,18,293 
Trinity Chapel,Cultural_Heritage,Church,51.5260371,0.0799315,267,262,268,435,306,290,333,323,284,287,300,367,3722 
Central Baptist Church,Cultural_Heritage,Church,51.5450553,0.0046585,16,9,20,9,6,27,11,7,17,15,8,14,159 
"St Matthew's Church, West Ham",Cultural_Heritage,Church,51.5432257,0.0148045,13,20,26,15,14,14,9,16,25,20,22,19,213 
Christian Today,Cultural_Heritage,Church,51.51413,-0.1004,253,180,164,179,145,132,142,163,231,149,176,223,2137 
ChristChurch London,Cultural_Heritage,Church,51.5113056,-0.1019722,317,311,178,391,308,362,292,265,375,406,366,354,3925 
St Margaret Lothbury,Cultural_Heritage,Church,51.5148122,-0.0887651,268,270,245,219,177,213,221,252,253,228,244,275,2865 
St Nicholas Cole Abbey,Cultural_Heritage,Church,51.5120484,-0.0969397,279,297,337,308,264,243,272,334,346,285,312,405,3682 
St James Garlickhythe,Cultural_Heritage,Church,51.5111497,-0.0937039,537,498,641,520,444,501,477,570,582,466,474,530,6240 
United Reformed Church,Cultural_Heritage,Church,51.51294,-0.09402,3767,3932,3629,3781,3711,3082,2956,3289,3119,3609,3207,3268,41350 
St Stephen Walbrook,Cultural_Heritage,Church,51.5126698,-0.0899003,903,791,761,722,920,722,1219,1102,994,938,1056,994,11122 
St John the Baptist upon Walbrook,Cultural_Heritage,Church,51.5116668,-0.0912005,48,42,84,49,27,39,44,63,46,64,67,48,621 
St Mary Abchurch,Cultural_Heritage,Church,51.5115559,-0.0883125,298,280,235,232,206,244,211,313,294,257,298,333,3201 
St Mary-at-Hill,Cultural_Heritage,Church,51.5100539,-0.0837115,411,327,274,271,247,340,426,379,369,401,376,322,4143 
St Botolph Billingsgate,Cultural_Heritage,Church,51.509749,-0.084732,58,79,90,61,64,91,64,110,80,93,112,94,996 
St Martin Orgar,Cultural_Heritage,Church,51.5108793,-0.0875756,183,168,148,174,133,133,121,157,120,169,162,139,1807 
St Dionis Backchurch,Cultural_Heritage,Church,51.5120137,-0.0838353,193,171,218,143,146,140,206,289,231,168,212,165,2282 
South Norwood Library,Cultural_Heritage,Library,51.3974235,-0.078726,84,59,44,48,63,53,44,56,63,66,61,56,697 
Brentford Library,Cultural_Heritage,Library,51.4864746,-0.3075442,37,47,61,53,58,54,52,69,60,63,58,46,658 
Library for Iranian Studies,Cultural_Heritage,Library,51.5069544,-0.2741664,21,31,20,13,14,22,16,25,25,26,27,21,261 
Cloud 7,Cultural_Heritage,Library,51.58407,-0.22887,220,209,205,211,195,220,151,182,150,197,241,209,2390 
The Advertising Archives,Cultural_Heritage,Library,51.5604349,-0.1983879,76,67,108,106,81,118,99,147,127,147,159,125,1360 
East Finchley Library,Cultural_Heritage,Library,51.5939232,-0.1677924,22,25,24,20,29,30,27,40,29,33,38,39,356 
Muswell Hill Library,Cultural_Heritage,Library,51.5912305,-0.1431555,30,13,26,17,15,37,13,31,22,25,19,15,263 
Streatham Library,Cultural_Heritage,Library,51.4316,-0.1289728,66,66,63,61,63,78,48,52,74,62,90,63,786 
The London Library,Cultural_Heritage,Library,51.5074123,-0.1365743,1571,1557,1302,1069,1100,1007,1172,1252,1196,1303,1650,1314,15493 
Linnean Society of London,Cultural_Heritage,Library,51.5085088,-0.1390971,1728,1497,1644,1600,1663,1558,1729,1932,1777,1861,1758,1700,20447 
City of Westminster Archives Centre,Cultural_Heritage,Library,51.497531,-0.1302962,23,51,32,19,13,17,18,30,53,37,33,30,356 
Durning Library,Cultural_Heritage,Library,51.4891022,-0.1104452,52,51,49,62,56,57,59,65,77,59,81,49,717 
Minet Library,Cultural_Heritage,Library,51.4714016,-0.1050458,60,44,51,45,31,53,37,56,54,60,57,59,607 
Stanley Kubrick Archive,Cultural_Heritage,Library,51.4949156,-0.1018449,755,628,473,293,292,310,276,354,287,371,374,451,4864 
Waterloo Library,Cultural_Heritage,Library,51.4980613,-0.1119323,27,15,23,13,27,9,27,23,31,34,24,31,284 
John Harvard Library,Cultural_Heritage,Library,51.501753,-0.09233,138,259,150,158,141,124,118,110,132,142,125,142,1739 
The National Poetry Library,Cultural_Heritage,Library,51.5057754,-0.1166912,130,139,121,76,130,91,73,140,103,121,105,145,1374 
Peckham Library,Cultural_Heritage,Library,51.474266,-0.069273,357,329,434,354,327,253,314,303,367,439,470,442,4389 
Dulwich Library,Cultural_Heritage,Library,51.4489622,-0.0745189,89,76,78,88,65,72,68,68,93,92,94,76,959 
The Library,Cultural_Heritage,Library,51.477798,-0.02469,39,43,53,24,30,39,47,32,39,44,38,37,465 
Leytonstone Library,Cultural_Heritage,Library,51.5682268,0.0108153,41,35,37,26,16,17,25,28,23,47,39,40,374 
Central Library,Cultural_Heritage,Library,51.361966,-0.195355,24,26,23,22,24,16,32,24,15,25,12,8,251 
Merton Civic Centre,Cultural_Heritage,Library,51.4015432,-0.1958561,218,159,157,152,154,133,151,118,142,141,136,121,1782 
Mitcham Library,Cultural_Heritage,Library,51.4086632,-0.1626726,44,50,28,30,40,42,37,42,36,32,42,25,448 
Battersea Library,Cultural_Heritage,Library,51.4641209,-0.1642145,7,7,15,4,3,5,3,3,4,7,5,1,64 
Rock's Backpages,Cultural_Heritage,Library,51.4943832,-0.2268972,659,607,540,248,236,251,274,218,190,201,227,279,3930 
Anna Williams,Cultural_Heritage,Library,51.51244,-0.20639,164,294,179,123,90,79,100,95,116,150,131,97,1618 
Hammersmith Library,Cultural_Heritage,Library,51.4946324,-0.2237679,67,71,87,67,61,73,64,58,76,58,58,68,808 
Science Photo Library,Cultural_Heritage,Library,51.5232534,-0.1998014,139,143,150,144,111,100,110,122,165,157,177,146,1664 
National Art Library,Cultural_Heritage,Library,51.4969808,-0.1726542,206,195,190,174,175,138,149,154,140,181,169,173,2044 
Westminster Music Library,Cultural_Heritage,Library,51.509648,-0.129922,63,45,44,25,38,33,43,48,36,41,49,33,498 
Vaughan Williams Memorial Library,Cultural_Heritage,Library,51.5380019,-0.1495412,1194,840,873,858,830,812,741,790,837,809,1061,1669,11314 
Camden Town Library,Cultural_Heritage,Library,51.5340296,-0.1379408,40,30,16,32,16,40,22,31,42,42,33,31,375 
Dr Williams's Library,Cultural_Heritage,Library,51.5239678,-0.1314641,242,224,190,181,176,175,180,196,178,202,183,154,2281 
Wellcome Library,Cultural_Heritage,Library,51.5260185,-0.134013,531,413,504,453,438,466,458,501,517,508,508,454,5751 
Iron Mountain,Cultural_Heritage,Library,51.5208178,-0.1338807,121,978,334,403,226,134,356,302,270,195,224,180,3723 
British Library,Cultural_Heritage,Library,51.5291254,-0.1267458,19878,12570,12282,11730,12318,10988,10819,12084,12068,12726,11798,11157,150418 
The Women's Library,Cultural_Heritage,Library,51.514737,-0.11597,235,184,253,168,185,170,172,170,203,241,238,214,2433 
Holborn Library,Cultural_Heritage,Library,51.5210519,-0.1154845,49,53,74,58,37,49,46,62,61,68,68,41,666 
George Padmore Institute,Cultural_Heritage,Library,51.5680723,-0.1095619,76,58,94,71,60,59,76,81,95,99,123,89,981 
The Maughan Library,Cultural_Heritage,Library,51.5152292,-0.110587,1148,959,1180,1102,1317,816,906,1001,1244,1353,1240,1201,13467 
Inner Temple Library,Cultural_Heritage,Library,51.5129235,-0.1097664,122,107,168,141,105,115,100,111,97,135,137,97,1435 
The London Archives,Cultural_Heritage,Library,51.5253878,-0.1075483,281,365,280,228,260,194,194,253,259,273,384,543,3514 
Bishopsgate Institute,Cultural_Heritage,Library,51.5187228,-0.0792905,391,308,285,279,229,227,239,269,279,281,307,222,3316 
Barbican Library,Cultural_Heritage,Library,51.519973,-0.093608,90,97,76,81,66,73,55,70,57,70,66,69,870 
Kingston Museum,Cultural_Heritage,Museum,51.4095512,-0.300391,151,168,168,145,121,183,132,162,143,173,177,153,1876 
Croydon Natural History & Scientific Society,Cultural_Heritage,Museum,51.374218,-0.089408,24,19,28,12,7,23,32,24,32,39,29,25,294 
Shirley Windmill,Cultural_Heritage,Museum,51.3688951,-0.054758,58,77,117,138,95,132,97,118,126,113,128,137,1336 
Museum of Croydon,Cultural_Heritage,Museum,51.3722194,-0.0996191,109,84,89,82,94,77,61,136,113,133,125,93,1196 
Crofton Roman Villa,Cultural_Heritage,Museum,51.3728451,0.0880093,205,175,160,175,133,182,162,205,192,193,250,195,2227 
Metropolitan Police Museum,Cultural_Heritage,Museum,51.4335168,0.1019102,250,201,239,224,183,228,249,304,245,234,245,197,2799 
Odd Fellows Hall,Cultural_Heritage,Museum,51.4166505,0.1223471,149,134,153,132,155,136,123,155,199,141,221,237,1935 
The British Museum,Cultural_Heritage,Museum,51.4799527,-0.4111575,40269,36958,45528,38983,33056,29337,30794,31243,30566,36013,37422,28331,418500 
Syon House,Cultural_Heritage,Museum,51.4768066,-0.3124998,5234,4093,5414,5072,5075,4703,5070,5904,4824,5403,6287,4169,61248 
Ham House,Cultural_Heritage,Museum,51.4445877,-0.3143076,2403,2302,2860,2440,2657,5794,2436,2734,2082,2111,2024,2381,32224 
Eel Pie Island Museum,Cultural_Heritage,Museum,51.4482303,-0.3254651,127,155,194,117,139,138,201,201,145,126,110,100,1753 
Twickenham Museum,Cultural_Heritage,Museum,51.4464832,-0.326145,54,61,48,45,55,52,46,64,53,49,67,73,667 
Museum of Richmond,Cultural_Heritage,Museum,51.45893,-0.30658,223,186,249,244,172,150,159,181,213,291,189,324,2581 
Murray Road,Cultural_Heritage,Museum,51.4963376,-0.3060554,77,66,79,71,60,42,51,65,72,78,75,72,808 
London Museum of Water & Steam,Cultural_Heritage,Museum,51.4888012,-0.2902639,563,707,606,547,775,649,592,654,523,542,703,516,7377 
Regatta Point,Cultural_Heritage,Museum,51.4880057,-0.2904252,14,16,20,14,20,40,22,29,22,75,85,82,439 
Havering Museum,Cultural_Heritage,Museum,51.5778765,0.1793531,123,86,77,54,72,84,69,94,84,74,57,67,941 
Battle of Britain Bunker,Cultural_Heritage,Museum,51.5409134,-0.4646434,855,914,847,796,1043,720,845,866,857,916,787,681,10127 
Heath Robinson Museum,Cultural_Heritage,Museum,51.592418,-0.386634,187,145,133,177,169,104,153,125,132,380,139,137,1981 
Headstone Manor and Museum,Cultural_Heritage,Museum,51.5946152,-0.3542674,139,160,131,133,115,145,111,160,212,170,180,155,1811 
Vesica,Cultural_Heritage,Museum,51.5886162,-0.2217568,72,81,49,49,191,50,50,48,52,83,72,73,870 
National History Museum,Cultural_Heritage,Museum,51.5534,-0.22072,89,69,74,73,74,52,51,54,46,66,51,53,752 
Royal Air Force Museum London,Cultural_Heritage,Museum,51.5980761,-0.2383273,2473,2333,2321,2220,2416,2163,2181,2319,2186,2293,2120,1971,26996 
Barnet Museum,Cultural_Heritage,Museum,51.6529043,-0.2023321,108,94,88,141,119,82,79,88,80,99,76,97,1151 
2 Willow Road,Cultural_Heritage,Museum,51.5571646,-0.1691747,1911,2062,1881,1576,1496,2197,1151,1546,1191,1324,1015,891,18241 
Keats House,Cultural_Heritage,Museum,51.5556887,-0.1680263,614,606,589,558,674,596,578,563,498,583,575,492,6926 
Burgh House,Cultural_Heritage,Museum,51.5581809,-0.1750673,642,574,764,733,727,647,528,741,599,657,546,512,7670 
Mighty Audio,Cultural_Heritage,Museum,51.5800801,-0.1313096,124,105,144,116,119,130,138,257,313,183,252,272,2153 
The Royal Mews,Cultural_Heritage,Museum,51.498844,-0.144523,2882,2559,3031,2697,2931,2877,3479,3322,3601,3104,2653,2912,36048 
The Cartoon Museum,Cultural_Heritage,Museum,51.50624,-0.13952,395,427,426,347,335,310,321,425,307,363,344,280,4280 
The Guards Museum,Cultural_Heritage,Museum,51.5002078,-0.1361872,250,222,187,168,164,181,163,156,179,172,174,136,2152 
575 Wandsworth Road,Cultural_Heritage,Museum,51.4697,-0.140646,311,172,205,161,192,215,371,294,300,283,154,156,2814 
Tate Britain,Cultural_Heritage,Museum,51.4909065,-0.1278888,7408,6521,6620,6618,6673,5858,6216,6596,6000,8608,7023,6494,80635 
Columbia Road,Cultural_Heritage,Museum,51.4957316,-0.1306172,124,111,176,126,105,102,97,127,80,94,85,88,1315 
Jewel Tower,Cultural_Heritage,Museum,51.4984866,-0.1263468,902,781,950,850,854,817,937,923,848,952,820,865,10499 
Royal Albert Hall,Cultural_Heritage,Museum,51.5008555,-0.1239343,26162,21466,24540,21783,25030,27031,25973,28348,30253,31607,25904,38063,326160 
Churchill War Rooms,Cultural_Heritage,Museum,51.5021,-0.129028,4325,4086,4654,3859,4578,4511,4048,4142,3830,3677,3457,3697,48864 
Hampton Court Palace,Cultural_Heritage,Museum,51.4917798,-0.1008611,23986,18215,22014,22306,19533,18500,20150,21956,19306,19302,18331,18118,241717 
Garden Museum,Cultural_Heritage,Museum,51.4948543,-0.1201253,1100,1102,1565,1213,1225,1120,1047,1068,1048,993,985,895,13361 
London Film Museum,Cultural_Heritage,Museum,51.5009232,-0.119176,803,663,717,572,458,432,529,532,404,510,479,457,6556 
Imperial War Museum,Cultural_Heritage,Museum,51.4959641,-0.1086426,8842,8149,8343,7819,8266,7697,8083,8255,7694,9461,8165,7164,97938 
Gordon Museum of Pathology,Cultural_Heritage,Museum,51.5027871,-0.0898491,167,191,217,167,177,157,169,179,197,243,228,616,2708 
Fashion and Textile Museum,Cultural_Heritage,Museum,51.5010525,-0.0818022,373,530,536,376,349,352,368,444,492,492,411,343,5066 
HMS Belfast,Cultural_Heritage,Museum,51.5052206,-0.1185613,17805,17304,18932,20500,23806,18947,20562,21823,17194,18880,16060,16879,228692 
Florence Nightingale Museum,Cultural_Heritage,Museum,51.4999799,-0.1176379,568,486,534,357,603,442,438,605,688,586,535,415,6257 
Topolski,Cultural_Heritage,Museum,51.5048999,-0.1157155,50,41,56,35,52,48,36,28,43,64,42,26,521 
Benjamin Franklin House,Cultural_Heritage,Museum,51.5076168,-0.1249391,2105,1420,1082,2015,1348,965,1111,1063,1001,954,1046,1207,15317 
Torture Room,Cultural_Heritage,Museum,51.507721,-0.076614,288,250,245,254,251,228,224,281,218,230,217,431,3117 
Brunel Museum,Cultural_Heritage,Museum,51.5016863,-0.0528199,617,602,889,639,620,550,608,648,579,739,420,440,7351 
Migration Museum,Cultural_Heritage,Museum,51.461388,-0.0119238,44,55,76,38,62,47,31,48,46,80,83,94,704 
Peter Harrison Planetarium,Cultural_Heritage,Museum,51.4771745,-0.0006185,274,324,262,225,171,181,224,335,178,159,121,107,2561 
Astronomy Photographer of the Year,Cultural_Heritage,Museum,51.4807469,-0.0053554,147,163,190,83,94,69,104,74,152,155,161,165,1557 
National Maritime Museum,Cultural_Heritage,Museum,51.4808698,-0.0051712,3557,3331,3309,3203,3219,2971,3224,3332,3232,3198,3222,2671,38469 
Royal Museums Greenwich,Cultural_Heritage,Museum,51.4809954,-0.0051713,846,700,725,683,691,613,655,679,718,705,659,678,8352 
Cutty Sark,Cultural_Heritage,Museum,51.4827778,-0.0097222,20997,18347,21348,24091,22291,19648,22385,21343,17734,17662,20040,16268,242154 
Woodlands House,Cultural_Heritage,Museum,51.4796,0.0162769,236,200,135,148,158,169,153,136,129,138,116,171,1889 
Goodwood Racecourse,Cultural_Heritage,Museum,51.4869893,0.0303607,528,438,603,698,859,917,3522,2052,843,688,519,556,12223 
Royal Docks Heritage Railway,Cultural_Heritage,Museum,51.4994,0.0623,84,63,76,61,49,42,50,60,68,77,60,69,759 
London City,Cultural_Heritage,Museum,51.51208,0.12878,96,93,112,74,118,71,81,81,127,114,134,88,1189 
Elsyng Palace,Cultural_Heritage,Museum,51.672385,-0.063448,718,745,580,465,372,330,1208,801,420,455,389,340,6823 
Walthamstow Pumphouse Museum,Cultural_Heritage,Museum,51.5770337,-0.0349438,132,84,119,178,100,94,87,115,111,122,122,111,1375 
Vestry House Museum,Cultural_Heritage,Museum,51.5840382,-0.0128474,107,85,115,96,110,102,101,119,102,114,100,109,1260 
Markfield Beam Engine and Museum,Cultural_Heritage,Museum,51.5818737,-0.0615182,97,76,97,120,104,83,73,87,129,139,94,87,1186 
Queen Elizabeth's Hunting Lodge,Cultural_Heritage,Museum,51.6344055,0.0174589,373,336,396,403,314,297,395,434,375,441,324,314,4402 
Hollybush Hill,Cultural_Heritage,Museum,51.5766677,0.0177536,33,36,35,45,43,29,36,43,31,42,31,41,445 
George Lane,Cultural_Heritage,Museum,51.5941573,0.0245779,51,41,46,53,42,28,43,68,54,63,45,44,578 
Valence House Museum,Cultural_Heritage,Museum,51.5583092,0.1341287,266,362,286,237,259,310,230,202,214,246,217,193,3022 
British Museum,Cultural_Heritage,Museum,51.5744093,0.0860327,40269,36958,45528,38983,33056,29337,30794,31243,30566,36013,37422,28331,418500 
Heritage Centre,Cultural_Heritage,Museum,51.365298,-0.165123,246,214,270,230,227,175,199,190,179,196,172,155,2453 
Wimbledon Lawn Tennis Museum,Cultural_Heritage,Museum,51.4345087,-0.2133645,176,129,168,156,171,334,866,204,155,175,160,110,2804 
World Carrot Museum,Cultural_Heritage,Museum,51.4199405,-0.1741605,127,104,135,155,110,96,108,81,85,109,104,104,1318 
Fulham Palace,Cultural_Heritage,Museum,51.4702604,-0.2149791,1850,1654,1793,1794,1943,1646,1754,2300,1935,2217,1821,1521,22228 
Jubilee House,Cultural_Heritage,Museum,51.4648554,-0.2145028,5599,2905,3176,1706,1698,1636,2402,2015,1520,1710,2113,1573,28053 
The William Morris Society,Cultural_Heritage,Museum,51.4905108,-0.2355598,225,212,223,181,179,174,175,242,223,256,240,224,2554 
The Cosmic House,Cultural_Heritage,Museum,51.5087646,-0.2074324,248,213,315,427,433,356,415,443,386,437,467,410,4550 
Museum of Brands,Cultural_Heritage,Museum,51.51513,-0.20123,510,467,469,360,492,386,494,496,545,488,398,609,5714 
Peacock Theatre,Cultural_Heritage,Museum,51.4921394,-0.2236283,682,623,718,595,713,503,439,414,574,633,583,838,7315 
Blythe House,Cultural_Heritage,Museum,51.4961798,-0.2132858,1142,878,947,1004,1521,1087,986,1002,921,1115,964,800,12367 
Leighton House Museum,Cultural_Heritage,Museum,51.4984547,-0.2029748,2243,2088,2104,1802,1760,1629,2123,1684,1735,1930,1844,1834,22776 
Sambourne House,Cultural_Heritage,Museum,51.5005894,-0.1968962,426,452,464,383,351,342,388,418,370,431,407,445,4877 
Great Wheel,Cultural_Heritage,Museum,51.4883,-0.19889,598,540,613,561,546,471,942,538,533,509,510,573,6934 
Historic Royal Palaces,Cultural_Heritage,Museum,51.505379,-0.1873324,4225,2243,2760,2498,2282,2005,2273,2575,2290,2554,2399,2332,30436 
Victoria and Albert Museum,Cultural_Heritage,Museum,51.4950744,-0.1828442,20636,19527,21542,22588,21023,18833,21146,23190,20817,21545,19438,20067,250352 
London Centre,Cultural_Heritage,Museum,51.5122758,-0.1782146,97,126,125,63,11,9,10,7,11,12,4,6,481 
"Natural History Museum, London",Cultural_Heritage,Museum,51.4964847,-0.1762089,15270,15839,15315,14120,12774,11534,12200,12414,12033,13507,11831,10623,157460 
Science Museum,Cultural_Heritage,Museum,51.497299,-0.1747245,54,57,59,29,32,41,51,88,49,47,51,99,657 
Polish Institute and Sikorski Museum,Cultural_Heritage,Museum,51.5015826,-0.1729002,496,386,420,442,421,352,357,455,351,392,453,372,4897 
Apsley House,Cultural_Heritage,Museum,51.5034296,-0.1516303,4519,4075,4333,3854,4023,4171,4891,4937,4313,5022,4555,4116,52809 
British Art Fair,Cultural_Heritage,Museum,51.490763,-0.1591016,46,32,32,32,28,19,37,40,143,51,37,25,522 
National Army Museum,Cultural_Heritage,Museum,51.4862556,-0.1602842,1271,1158,1191,1218,1194,997,1117,1310,968,1082,1179,1031,13716 
The Wallace Collection,Cultural_Heritage,Museum,51.5175159,-0.1530624,6081,5462,6031,5481,5389,4758,5240,5710,5560,6157,5341,5520,66730 
London Planetarium,Cultural_Heritage,Museum,51.5228,-0.155556,2289,2107,1757,1365,1188,1048,1395,1679,1314,1453,1090,1142,17827 
Royal Academy of Music Museum,Cultural_Heritage,Museum,51.523378,-0.152353,110,107,93,85,85,130,100,117,102,112,120,105,1266 
Sladmore Gallery,Cultural_Heritage,Museum,51.5109649,-0.14502,51,52,58,67,52,64,77,50,70,83,60,59,743 
Rockwatch,Cultural_Heritage,Museum,51.5089717,-0.1394249,12,14,13,8,4,20,6,19,213,21,21,17,368 
Handel Hendrix House,Cultural_Heritage,Museum,51.5129577,-0.1458749,827,728,848,820,745,616,811,736,691,780,721,1023,9346 
Fitzroy House,Cultural_Heritage,Museum,51.5224422,-0.1389514,60,53,78,70,75,69,68,99,139,95,74,78,958 
Museum of Curiosity,Cultural_Heritage,Museum,51.513982,-0.132142,1254,1005,1018,1060,884,931,887,947,938,1026,1056,1042,12048 
Wellcome Collection,Cultural_Heritage,Museum,51.5259739,-0.1340195,1552,1330,1342,1175,1209,1155,1199,1296,1291,1380,1391,1267,15587 
The Broom Cupboard,Cultural_Heritage,Museum,51.527639,-0.1326019,135,113,160,122,116,92,125,136,141,112,102,97,1451 
Camera Museum,Cultural_Heritage,Museum,51.5176545,-0.1253811,32,24,35,23,18,24,29,27,30,35,37,48,362 
The British Museum Friends,Cultural_Heritage,Museum,51.5184668,-0.1266354,91,66,77,53,65,69,56,64,76,69,76,69,831 
The Portable Antiquities Scheme,Cultural_Heritage,Museum,51.519015,-0.125052,660,505,711,657,598,488,549,528,419,429,573,502,6619 
Natural History Museum,Cultural_Heritage,Museum,51.5265887,-0.1278018,170,184,245,185,120,137,138,223,140,175,196,188,2101 
Cotton library,Cultural_Heritage,Museum,51.5294444,-0.1269444,1464,1316,1303,1788,1375,1196,1376,1478,1662,1711,1554,1344,17567 
Queer Britain,Cultural_Heritage,Museum,51.5356209,-0.123955,233,242,210,176,240,233,197,215,203,158,170,147,2424 
Auto Italia South East,Cultural_Heritage,Museum,51.5386,-0.123556,43,46,57,41,43,52,54,62,57,223,99,84,861 
Novelty Automation,Cultural_Heritage,Museum,51.5197205,-0.1169329,1056,490,393,281,302,231,748,654,596,477,412,468,6108 
Sir John Soane's Museum,Cultural_Heritage,Museum,51.5170803,-0.1174657,5060,6994,5210,3740,3590,3314,3836,3986,3568,3665,3526,2876,49365 
BT Archives,Cultural_Heritage,Museum,51.5178009,-0.1167721,160,137,139,107,121,118,120,125,138,141,143,151,1600 
Victoria & Albert Museum,Cultural_Heritage,Museum,51.511455,-0.1226481,20636,19527,21542,22588,21023,18833,21146,23190,20817,21545,19438,20067,250352 
Museum of Freemasonry,Cultural_Heritage,Museum,51.5151143,-0.1212388,296,266,273,266,336,283,270,323,338,315,314,311,3591 
London Canal Museum,Cultural_Heritage,Museum,51.5342186,-0.1202069,246,217,231,218,267,273,239,262,206,236,215,196,2806 
Childhood Memories,Cultural_Heritage,Museum,51.5360991,-0.1178935,14,14,18,4,25,7,12,9,8,16,10,7,144 
The Foundling Museum,Cultural_Heritage,Museum,51.525213,-0.1216751,1020,919,994,860,804,752,821,808,747,774,807,660,9966 
The Charles Dickens Museum,Cultural_Heritage,Museum,51.5235936,-0.1163232,1281,1014,931,865,914,976,802,935,1019,810,1054,1845,12446 
"Hunterian Museum, London",Cultural_Heritage,Museum,51.5154088,-0.1162805,1785,1864,1655,1612,1859,1584,1933,2731,1467,1803,2031,1603,21927 
National Life Stories,Cultural_Heritage,Museum,51.5452129,-0.156671,130,120,118,129,108,133,140,146,140,158,168,255,1745 
Dr Johnson's House,Cultural_Heritage,Museum,51.5150644,-0.1081356,518,470,513,426,377,360,422,438,486,551,437,489,5487 
Dennis Severs' House,Cultural_Heritage,Museum,51.5209334,-0.0777032,2401,1875,2062,2458,1657,1484,1813,1815,1776,2276,3222,3238,26077 
Clowns Gallery-Museum,Cultural_Heritage,Museum,51.5444533,-0.0729893,2020,1338,1489,1279,1551,1157,1394,1877,1345,1244,1011,1352,17057 
Hackney Museum,Cultural_Heritage,Museum,51.5446885,-0.0558486,104,84,103,92,73,94,95,78,104,87,83,60,1057 
Jack the Ripper Museum,Cultural_Heritage,Museum,51.5108164,-0.0679116,1686,2733,1625,1248,1028,1001,1074,1280,1139,1226,1085,1913,17038 
Vagina Museum,Cultural_Heritage,Museum,51.53031,-0.05691,1881,1576,2569,1935,1596,1588,1552,2008,1688,1650,1881,1809,21733 
Young V&A,Cultural_Heritage,Museum,51.5290329,-0.0552698,1217,1295,1054,1053,1036,1002,1052,1207,896,1163,1033,1294,13302 
The Power of Poison,Cultural_Heritage,Museum,51.5210173,-0.0726338,56,37,43,48,52,33,30,52,90,61,36,42,580 
Waterside Contemporary,Cultural_Heritage,Museum,51.5320375,-0.0850395,11,12,12,8,9,11,12,19,16,29,19,22,180 
Estorick Collection of Modern Italian Art,Cultural_Heritage,Museum,51.543923,-0.1004824,278,241,245,263,194,284,260,236,211,282,249,238,2981 
Charles Darwin Trust,Cultural_Heritage,Museum,51.543286,-0.0959,23,12,23,12,15,16,10,30,24,26,41,35,267 
Islington Local History Centre,Cultural_Heritage,Museum,51.526486,-0.104553,82,61,73,58,57,97,67,127,105,109,79,86,1001 
Islington Museum,Cultural_Heritage,Museum,51.5264963,-0.104102,204,203,127,127,126,160,107,173,120,123,137,105,1712 
Museum of the Order of St John,Cultural_Heritage,Museum,51.522046,-0.102692,492,398,410,516,412,339,334,341,399,368,342,299,4650 
Museum of London Archaeology,Cultural_Heritage,Museum,51.5352549,-0.089703,332,389,367,306,229,354,223,265,272,283,300,322,3642 
Honourable Artillery Company Museum,Cultural_Heritage,Museum,51.5229183,-0.0884175,202,179,261,142,150,190,192,171,167,149,189,194,2186 
Ancient Monuments Society,Cultural_Heritage,Museum,51.513146,-0.102178,79,53,73,55,71,45,77,83,77,80,87,82,862 
BT Museum,Cultural_Heritage,Museum,51.5115685,-0.100793,167,154,150,130,143,245,115,157,129,152,126,110,1778 
London Museum,Cultural_Heritage,Museum,51.5177225,-0.0961875,49,398,2707,2598,2299,1883,2539,2920,2279,2401,2074,1900,24047 
42nd Street,Cultural_Heritage,Theatre,51.5128156,-0.120399,196,224,182,166,147,140,190,160,183,145,213,259,2205 
A Christmas Carol,Cultural_Heritage,Theatre,51.5932869,-0.1378489,54798,27000,39012,27407,25390,28105,24773,29892,32824,45079,105172,470996,910448 
ACT Theatre,Cultural_Heritage,Theatre,51.4070402,-0.3049519,216,222,220,184,241,197,196,265,358,260,286,382,3027 
Adelphi Theatre,Cultural_Heritage,Theatre,51.5100392,-0.122815,2625,2313,2668,2124,2092,2361,1978,2364,2250,2453,2503,2465,28196 
Aldwych Theatre,Cultural_Heritage,Theatre,51.5130494,-0.1188352,1578,1285,1297,1149,1369,1174,1240,1518,1326,1276,1514,1622,16348 
Alexandra Palace Theatre,Cultural_Heritage,Theatre,51.59508,-0.1297198,723,344,431,289,544,629,299,306,394,614,623,1060,6256 
Alice's Adventures Underground,Cultural_Heritage,Theatre,51.5011394,-0.1128031,240,174,201,193,173,166,174,165,146,197,211,134,2174 
Almeida Theatre,Cultural_Heritage,Theatre,51.5395479,-0.103067,3053,2379,2506,2366,2716,2182,2096,2267,2104,2021,2700,2336,28726 
An Inspector Calls,Cultural_Heritage,Theatre,51.50692,-0.12467,26981,22577,22632,21115,22554,12000,9899,11810,16376,15067,14077,13840,208928 
Apollo Theatre,Cultural_Heritage,Theatre,51.5114875,-0.1332809,3293,2341,2454,2581,2058,2238,2227,5513,2703,2709,2973,2533,33623 
Apollo Victoria Theatre,Cultural_Heritage,Theatre,51.495641,-0.142644,3175,2122,2178,1764,1585,1632,1526,1766,1410,1840,3078,2161,24237 
Apples and Snakes,Cultural_Heritage,Theatre,51.4777037,-0.0272881,51,48,47,41,39,48,33,46,36,49,31,77,546 
Arcola Theatre,Cultural_Heritage,Theatre,51.5469459,-0.0749081,433,335,402,372,345,352,394,397,383,316,335,337,4401 
Arts Theatre,Cultural_Heritage,Theatre,51.5119176,-0.1275569,705,580,622,683,551,539,527,655,584,651,656,606,7359 
Barons Court Theatre,Cultural_Heritage,Theatre,51.489394,-0.2094283,190,112,73,74,58,63,66,85,81,85,61,64,1012 
Battersea Arts Centre,Cultural_Heritage,Theatre,51.4648051,-0.1606515,457,475,511,471,410,423,431,412,444,515,543,542,5634 
Be More Chill,Cultural_Heritage,Theatre,51.5162595,-0.1261454,2166,1868,1900,1889,1940,1684,1851,1842,1896,1723,1750,2354,22863 
Birmingham Stage Company,Cultural_Heritage,Theatre,51.5120791,-0.1394901,29,36,30,36,29,31,28,54,25,35,33,30,396 
Blue Elephant Theatre,Cultural_Heritage,Theatre,51.4800492,-0.0983399,28,44,29,37,34,40,32,48,38,57,41,58,486 
Bob Hope Theatre,Cultural_Heritage,Theatre,51.4507521,0.0500188,136,101,136,103,101,130,94,85,101,132,126,157,1402 
Bridewell Theatre,Cultural_Heritage,Theatre,51.513519,-0.1050746,126,96,109,110,77,116,103,177,211,129,180,184,1618 
Bridge Theatre,Cultural_Heritage,Theatre,51.504118,-0.077342,2013,1598,1469,1152,940,1019,1195,1211,1773,1566,1818,1477,17231 
Brixton House,Cultural_Heritage,Theatre,51.461999,-0.1110583,109,62,89,79,80,70,97,109,87,73,87,86,1028 
Broadway,Cultural_Heritage,Theatre,51.4451928,-0.0202125,1028,963,940,1007,880,864,746,875,875,1017,3532,3400,16127 
Bromley Little Theatre,Cultural_Heritage,Theatre,51.407804,0.0160301,95,92,125,73,84,73,79,104,109,103,92,110,1139 
Brookside Theatre,Cultural_Heritage,Theatre,51.5764263,0.1848007,168,114,149,108,88,116,112,100,62,66,106,64,1253 
Calling Festival,Cultural_Heritage,Theatre,51.5075317,-0.1578308,497,466,476,471,475,746,777,423,356,390,393,378,5848 
Cambridge Theatre,Cultural_Heritage,Theatre,51.5136285,-0.1265476,1032,790,907,777,788,860,813,904,777,885,1006,905,10444 
Cardboard Citizens,Cultural_Heritage,Theatre,51.53173,-0.07997,907,580,469,236,212,158,158,160,134,244,139,138,3535 
Carousel,Cultural_Heritage,Theatre,51.5099371,-0.1264033,10920,9390,12525,11513,11687,9906,12903,12089,11368,10570,11223,11556,135650 
Cervantes Theatre,Cultural_Heritage,Theatre,51.5031035,-0.101774,10,5,7,2,2,10,3,4,3,9,5,2,62 
Cheek by Jowl,Cultural_Heritage,Theatre,51.519784,-0.091888,385,330,305,328,280,202,281,291,285,279,362,273,3601 
Chelsea Theatre,Cultural_Heritage,Theatre,51.48168,-0.179771,134,85,87,97,131,138,108,86,75,89,73,76,1179 
Chickenshed,Cultural_Heritage,Theatre,51.6445534,-0.1452354,413,368,529,375,1200,532,390,385,372,393,491,510,5958 
Closer Than Ever,Cultural_Heritage,Theatre,51.50914,-0.13493,922,681,963,760,970,628,682,641,611,734,716,653,8961 
Crazy For You,Cultural_Heritage,Theatre,51.5152529,-0.1225219,103,120,90,96,63,60,64,48,52,66,50,60,872 
Donmar Warehouse,Cultural_Heritage,Theatre,51.5139109,-0.1258614,4419,4308,3867,3195,4012,2951,3010,2889,2712,2710,2881,3258,40212 
Drama Centre London,Cultural_Heritage,Theatre,51.536579,-0.1245556,4487,3986,4592,5218,4177,3659,3822,4507,3779,3707,4049,4249,50232 
Dreamboys,Cultural_Heritage,Theatre,51.5227807,-0.0870978,1349,1151,1307,1479,1243,1035,1031,1198,1051,846,893,741,13324 
Duchess Theatre,Cultural_Heritage,Theatre,51.5122259,-0.1196461,769,634,665,601,552,596,560,733,650,709,666,655,7790 
Duckie,Cultural_Heritage,Theatre,51.4860659,-0.121945,269,184,239,210,219,150,148,173,152,210,135,138,2227 
Erith Playhouse,Cultural_Heritage,Theatre,51.4811368,0.1813544,100,53,68,65,44,49,78,58,59,39,39,58,710 
Fairfield Halls,Cultural_Heritage,Theatre,51.3722734,-0.0954874,521,589,610,631,475,457,492,540,547,593,544,498,6497 
Faulty Towers The Dining Experience,Cultural_Heritage,Theatre,51.522495,-0.123817,180,153,250,190,137,149,170,209,289,359,301,319,2706 
Fawlty Towers,Cultural_Heritage,Theatre,51.508313,-0.124874,38305,33377,38251,38972,38050,36527,41735,48480,82818,137571,62208,49729,646023 
Finborough Theatre,Cultural_Heritage,Theatre,51.4866443,-0.1900755,487,352,402,362,299,338,323,318,347,294,375,371,4268 
Foreign Affairs,Cultural_Heritage,Theatre,51.5392237,-0.0813867,7899,7373,8147,6196,5459,5710,4767,5788,5815,6070,5337,5875,74436 
Fortune Theatre,Cultural_Heritage,Theatre,51.5132496,-0.1206059,1058,1106,931,796,805,829,726,880,747,835,768,822,10303 
Frantic Assembly,Cultural_Heritage,Theatre,51.4619468,-0.1111177,1503,1205,1320,799,701,629,282,419,1988,1432,1188,602,12068 
Funicular,Cultural_Heritage,Theatre,51.5231009,-0.0651945,20270,18527,18557,18163,22203,21534,19267,19464,174512,17632,15117,14589,379835 
Garrick Theatre,Cultural_Heritage,Theatre,51.5100535,-0.1279871,1815,1409,2016,1674,1370,1445,1856,1601,1764,1807,1602,1571,19930 
Gate Theatre,Cultural_Heritage,Theatre,51.5354786,-0.1346738,856,767,763,663,738,701,775,1021,954,769,1438,2887,12332 
Gielgud Theatre,Cultural_Heritage,Theatre,51.5116993,-0.1330341,3033,2465,2309,2201,2097,2050,1962,2266,1946,2138,2160,2269,26896 
Gillian Lynne Theatre,Cultural_Heritage,Theatre,51.5154145,-0.1226843,2085,1277,2196,1904,1878,1835,1751,1933,1905,2031,1865,1804,22464 
Gracepoint,Cultural_Heritage,Theatre,51.5402656,-0.0967453,10569,10304,10172,8162,7982,9864,7968,9021,9311,8361,14377,12536,118627 
Greenwich Theatre,Cultural_Heritage,Theatre,51.4793622,-0.0078435,295,236,256,300,237,280,220,278,280,463,309,315,3469 
Guerrilla Zoo,Cultural_Heritage,Theatre,51.4697804,-0.1860869,19,30,22,21,20,17,19,25,30,25,26,25,279 
Hampstead Theatre,Cultural_Heritage,Theatre,51.5438056,-0.1736979,929,751,817,722,751,739,683,776,754,767,768,778,9235 
Harold Pinter Theatre,Cultural_Heritage,Theatre,51.509338,-0.1316259,2393,2038,2107,2034,1708,1682,1578,2038,1738,2083,2006,1858,23263 
Harrow Arts Centre,Cultural_Heritage,Theatre,51.61046,-0.34041,139,160,172,134,126,128,92,111,127,124,113,126,1552 
His Majesty's Theatre,Cultural_Heritage,Theatre,51.508264,-0.1318091,42,38,70,48,39,82,34,58,49,41,52,59,612 
Icarus Theatre Collective,Cultural_Heritage,Theatre,51.50053,-0.05532,21,12,26,9,19,11,11,10,14,22,33,15,203 
Iceandfire,Cultural_Heritage,Theatre,51.5298462,-0.0613776,17,15,20,25,25,27,15,13,18,27,16,21,239 
Improbable,Cultural_Heritage,Theatre,51.50964,-0.13113,39,42,63,35,32,31,39,34,43,32,50,40,480 
In The Heights,Cultural_Heritage,Theatre,51.534381,-0.123768,34206,25944,38863,29701,35752,38446,27646,35146,30142,24573,24224,19176,363819 
Jacksons Lane,Cultural_Heritage,Theatre,51.5766063,-0.1453857,328,184,222,173,155,216,207,207,229,223,213,278,2635 
Jermyn Street Theatre,Cultural_Heritage,Theatre,51.5091938,-0.134925,500,267,274,192,220,209,209,310,275,268,274,302,3300 
John Mowat,Cultural_Heritage,Theatre,51.44299,-0.05634,10,3,9,2,5,3,2,8,8,4,5,7,66 
Kali Theatre,Cultural_Heritage,Theatre,51.477679,-0.027458,23,36,16,18,16,24,18,24,69,32,50,40,366 
LIFT,Cultural_Heritage,Theatre,51.516399,-0.072521,1203,1089,1003,1017,883,838,769,835,757,791,717,788,10690 
Little Angel Theatre,Cultural_Heritage,Theatre,51.5387545,-0.1013214,321,193,182,159,176,232,203,212,150,200,198,222,2448 
Load,Cultural_Heritage,Theatre,51.49965,-0.096,911,996,983,909,1021,813,504,596,856,896,927,895,10307 
London Bubble Theatre Company,Cultural_Heritage,Theatre,51.5005823,-0.0553179,46,20,43,32,28,31,33,47,32,29,54,35,430 
London Children's Ballet,Cultural_Heritage,Theatre,51.4702736,-0.1764794,41,58,65,78,41,31,85,28,54,59,41,60,641 
London Coliseum,Cultural_Heritage,Theatre,51.5098789,-0.1267348,3309,2912,2375,3039,3278,3192,3465,3567,2669,2664,2788,4917,38175 
London International School of Performing Arts,Cultural_Heritage,Theatre,51.52715,-0.0064,146,145,131,154,117,82,86,86,90,145,290,269,1741 
London News Network,Cultural_Heritage,Theatre,51.507629,-0.111554,391,245,295,294,232,285,257,259,250,323,281,236,3348 
London Theatre Direct,Cultural_Heritage,Theatre,51.513298,-0.141075,156,92,172,140,118,157,156,154,165,131,162,223,1826 
Love Never Dies,Cultural_Heritage,Theatre,51.5101618,-0.1230647,75,50,66,74,52,48,51,68,53,64,74,121,796 
Matilda The Musical,Cultural_Heritage,Theatre,51.513592,-0.126518,20664,17093,22665,18420,26060,20072,18626,17344,14972,15493,17652,26205,235266 
Mountview Academy of Theatre Arts,Cultural_Heritage,Theatre,51.5942897,-0.1142375,2716,2672,2477,2698,2780,2058,2432,2293,2385,2316,2864,2811,30502 
Mrs Henderson Presents,Cultural_Heritage,Theatre,51.5111106,-0.1274133,4053,4131,3971,3077,3375,2698,2716,3451,3189,3189,3256,3068,40174 
Music Theatre International,Cultural_Heritage,Theatre,51.5183587,-0.1386385,761,628,782,671,716,687,607,567,614,537,636,572,7778 
National Theatre,Cultural_Heritage,Theatre,51.447252,-0.0741162,367,263,327,242,193,174,194,207,222,222,185,276,2872 
National Youth Music Theatre,Cultural_Heritage,Theatre,51.4917731,-0.1342505,1188,924,645,562,602,601,620,701,635,647,725,1167,9017 
Normansfield Theatre,Cultural_Heritage,Theatre,51.4189437,-0.3154159,622,392,174,415,99,111,93,95,144,162,147,130,2584 
Novello Theatre,Cultural_Heritage,Theatre,51.5122612,-0.1190944,1406,1026,1153,1124,943,971,988,1165,1035,1171,1080,939,13001 
Office Party,Cultural_Heritage,Theatre,51.54886,-0.121738,229,287,177,190,162,208,268,299,182,233,357,358,2950 
Orange Tree Theatre,Cultural_Heritage,Theatre,51.4643445,-0.3010726,669,550,600,513,495,556,586,617,540,507,529,605,6767 
OSO Arts Centre,Cultural_Heritage,Theatre,51.4723956,-0.2465421,60,62,42,63,58,83,79,65,73,54,69,63,771 
Overspill,Cultural_Heritage,Theatre,51.51953,-0.12178,101,93,107,108,192,109,140,111,88,126,119,143,1437 
Paines Plough,Cultural_Heritage,Theatre,51.55917,-0.11601,201,201,137,160,109,141,136,133,129,113,101,110,1671 
Palace Theatre,Cultural_Heritage,Theatre,51.5131801,-0.1294423,160,115,169,159,119,124,137,172,118,164,257,254,1948 
Paul Robeson Theatre,Cultural_Heritage,Theatre,51.4680986,-0.3629377,21,21,20,38,35,44,50,24,17,20,44,31,365 
Peacock Theatre,Cultural_Heritage,Theatre,51.5143543,-0.117745,682,623,718,595,713,503,439,414,574,633,583,838,7315 
People Show,Cultural_Heritage,Theatre,51.50964,-0.13113,91,79,84,74,55,50,43,80,79,83,64,112,894 
Phoenix Theatre,Cultural_Heritage,Theatre,51.5144768,-0.1295854,28,13,20,15,24,15,17,32,19,22,19,18,242 
Piccadilly Theatre,Cultural_Heritage,Theatre,51.5109375,-0.1355703,1036,922,879,878,861,720,768,948,897,962,887,853,10611 
Prince Edward Theatre,Cultural_Heritage,Theatre,51.5092642,-0.1318212,1539,1325,1341,1300,1194,1426,1518,1680,1822,1780,1767,1542,18234 
Puppet Theatre Barge,Cultural_Heritage,Theatre,51.5219024,-0.1824751,174,150,112,111,113,159,692,120,230,104,343,233,2541 
Putney Arts Theatre,Cultural_Heritage,Theatre,51.4613488,-0.2198554,25,27,32,23,19,31,24,43,42,21,40,34,361 
Quantum Theatre,Cultural_Heritage,Theatre,51.4877,0.09386,45,51,68,61,60,64,90,96,153,122,79,142,1031 
Queen's Theatre,Cultural_Heritage,Theatre,51.5118559,-0.1327502,64,79,66,60,59,50,58,57,78,74,60,61,766 
Regent's Park Open Air Theatre,Cultural_Heritage,Theatre,51.528259,-0.154426,858,734,798,967,1105,1225,1128,1139,791,693,701,743,10882 
Richmond Theatre,Cultural_Heritage,Theatre,51.4621732,-0.3039884,150,128,123,64,53,51,56,56,44,102,67,101,995 
Rockin' In The Free World,Cultural_Heritage,Theatre,51.53218,-0.10531,7196,9677,7447,6921,8846,10352,8202,6933,6550,5958,5650,4814,88546 
Royal Choral Society,Cultural_Heritage,Theatre,51.478228,-0.1819913,106,97,128,155,91,112,98,88,116,120,131,205,1447 
Seven Dials Jazz Club,Cultural_Heritage,Theatre,51.5166773,-0.1332043,49,40,62,40,26,36,45,40,31,40,39,31,479 
Shaftesbury Theatre,Cultural_Heritage,Theatre,51.5161324,-0.1258628,1399,1151,1288,1083,921,1035,1032,1242,1064,1159,1614,1229,14217 
Shakespeare's Globe,Cultural_Heritage,Theatre,51.508091,-0.097117,12544,10091,11264,11360,11135,11636,9518,9565,9129,9662,9274,10320,125498 
Shaw Theatre,Cultural_Heritage,Theatre,51.5288526,-0.1281323,311,212,250,225,215,203,285,478,235,216,259,239,3128 
Shunt,Cultural_Heritage,Theatre,51.49495,-0.06287,840,308,342,279,295,216,245,257,271,275,306,335,3969 
Sondheim Theatre,Cultural_Heritage,Theatre,51.5118501,-0.1325603,2605,2313,2228,2221,2058,2095,1872,2251,2033,2277,2049,2300,26302 
Southwark Playhouse,Cultural_Heritage,Theatre,51.4975929,-0.0983888,862,702,707,768,885,902,693,728,663,702,710,813,9135 
Spirit Young Performers Company,Cultural_Heritage,Theatre,51.5472301,-0.1410777,92,73,91,47,79,50,57,56,60,68,68,61,802 
Stage Door,Cultural_Heritage,Theatre,51.5186849,-0.1404777,2339,5058,6836,2404,3907,8319,2788,2329,1923,2034,5852,2049,45838 
Stage One,Cultural_Heritage,Theatre,51.5117634,-0.1259306,1434,1333,1765,1687,1430,1331,1467,1495,1321,1731,1283,1274,17551 
Star Struck,Cultural_Heritage,Theatre,51.5333,-0.1,336,320,720,275,843,471,259,339,649,402,213,239,5066 
Strand Theatre,Cultural_Heritage,Theatre,51.5101766,-0.122999,80,68,69,68,60,59,52,91,61,61,57,103,829 
Streatham Hill Theatre,Cultural_Heritage,Theatre,51.4404104,-0.125757,69,63,106,58,227,79,411,158,144,186,160,216,1877 
Sunny Afternoon,Cultural_Heritage,Theatre,51.5094751,-0.1316725,3288,3096,3711,3629,3288,3438,3384,3743,3214,3168,2997,2894,39850 
Sutton armillary,Cultural_Heritage,Theatre,51.36194,-0.19278,29,26,30,29,19,40,15,40,29,32,28,24,341 
Sylvia Young,Cultural_Heritage,Theatre,51.524593,-0.165815,1559,1761,1599,1915,1253,1167,31396,10479,3262,1870,1531,1973,59765 
Take a Breath,Cultural_Heritage,Theatre,51.51728,0.02798,17,17,24,9,13,8,9,28,19,20,21,13,198 
Tara Theatre,Cultural_Heritage,Theatre,51.4422227,-0.1883199,303,251,255,264,377,387,326,286,244,255,301,282,3531 
The Cockpit,Cultural_Heritage,Theatre,51.5245314,-0.169514,38,23,41,15,29,26,22,43,33,26,17,22,335 
The Courtyard Theatre,Cultural_Heritage,Theatre,51.5280145,-0.083525,246,215,291,196,219,285,218,226,201,284,272,310,2963 
The Devil In Love,Cultural_Heritage,Theatre,51.52757,-0.08364,22,11,5,6,6,5,9,13,11,12,12,6,118 
The Drifters Girl,Cultural_Heritage,Theatre,51.5099827,-0.1280008,220,192,274,220,173,148,201,222,212,249,225,254,2590 
The Duck House,Cultural_Heritage,Theatre,51.510206,-0.122532,106,112,103,104,67,70,106,115,103,88,104,152,1230 
The Duke of York's Theatre,Cultural_Heritage,Theatre,51.5102499,-0.1270127,2908,2340,1817,1630,1508,2188,1576,1910,1791,2046,1896,1741,23351 
The End Of Longing,Cultural_Heritage,Theatre,51.5067124,-0.1233387,710,667,714,572,525,543,552,771,470,482,433,592,7031 
The Etcetera Theatre,Cultural_Heritage,Theatre,51.5406512,-0.1442638,87,68,68,51,57,77,94,100,86,82,78,80,928 
The Exchange,Cultural_Heritage,Theatre,51.4500567,-0.3313615,146,271,146,114,66,60,78,79,56,70,77,55,1218 
The Flying Karamazov Brothers,Cultural_Heritage,Theatre,51.5103477,-0.1224058,1477,1179,1456,1441,1338,1225,1413,1641,1269,1038,1158,1314,15949 
The Globe Theatre,Cultural_Heritage,Theatre,51.51533,-0.06224,23722,18833,20423,19585,17664,21530,13746,14634,15622,17041,16433,18016,217249 
The Gunpowder Plot,Cultural_Heritage,Theatre,51.5089748,-0.0784879,52265,32970,31648,28626,29045,26586,34897,35850,37412,46973,230691,31538,618501 
The Lane,Cultural_Heritage,Theatre,51.5127309,-0.1201271,53,64,94,55,61,47,68,50,63,54,50,66,725 
The Magic Hour,Cultural_Heritage,Theatre,51.5048069,-0.147099,185,190,226,249,245,222,222,218,158,97,104,166,2282 
The Miser,Cultural_Heritage,Theatre,51.5099,-0.12801,3926,2777,3230,2971,3257,2414,2000,2243,2717,2622,3003,2876,34036 
The Mousetrap,Cultural_Heritage,Theatre,51.5127505,-0.1275193,31105,26457,30478,30956,29334,26045,22191,25650,24080,28924,25727,25845,326792 
The Old Vic,Cultural_Heritage,Theatre,51.5021374,-0.1094104,6850,5175,5611,5044,4687,4252,4864,5702,5360,5697,9570,14713,77525 
The Other Palace,Cultural_Heritage,Theatre,51.498848,-0.142345,720,617,685,545,585,544,568,790,724,660,580,744,7762 
The Play That Goes Wrong,Cultural_Heritage,Theatre,51.5122185,-0.11958,15481,14395,16021,15559,15448,12712,13562,15733,15697,16891,17822,14164,183485 
The Spiegeltent,Cultural_Heritage,Theatre,51.504869,-0.117444,743,798,937,713,905,836,1138,1173,886,861,895,975,10860 
The View UpStairs,Cultural_Heritage,Theatre,51.5145108,-0.132876,171,193,205,208,172,246,202,222,316,182,223,192,2532 
The Woman in Black,Cultural_Heritage,Theatre,51.513267,-0.120671,8010,5959,7149,5652,5233,4489,4636,7038,8483,13648,10099,3296,83692 
The Yard Theatre,Cultural_Heritage,Theatre,51.5428013,-0.0231018,207,556,648,379,393,82,101,150,110,113,128,111,2978 
Theatre Royal Haymarket,Cultural_Heritage,Theatre,51.5085244,-0.1315794,2426,1702,2085,1740,1482,1452,1396,1676,1520,1491,1824,1674,20468 
Theatre503,Cultural_Heritage,Theatre,51.4719985,-0.1655759,208,182,180,134,144,173,179,278,173,116,157,157,2081 
Told by an Idiot,Cultural_Heritage,Theatre,51.5110996,-0.1269758,99,61,74,134,65,54,80,72,98,178,110,97,1122 
Trafalgar Theatre,Cultural_Heritage,Theatre,51.5065488,-0.1277137,1115,999,1048,892,698,740,1684,914,1000,1113,1051,1218,12472 
Trainspotting Live,Cultural_Heritage,Theatre,51.5011895,-0.1127815,188,206,197,220,189,121,185,202,162,107,141,223,2141 
Tramshed,Cultural_Heritage,Theatre,51.4897238,0.0681764,21,24,16,6,1,4,2,6,9,16,6,12,123 
Twelfth Night,Cultural_Heritage,Theatre,51.508328,-0.0965009,66970,36822,38578,35299,42390,44973,47644,68620,45895,39317,54231,49022,569761 
Union Theatre,Cultural_Heritage,Theatre,51.503541,-0.10168,10,8,7,6,4,1,7,7,4,16,10,12,92 
Upstairs At The Gatehouse,Cultural_Heritage,Theatre,51.571457,-0.150062,224,180,166,186,168,204,218,188,189,211,308,323,2565 
Vaudeville Theatre,Cultural_Heritage,Theatre,51.5102395,-0.1223477,1478,1234,1370,1441,1220,1162,1014,1652,1134,1228,1347,1328,15608 
Venus In Fur,Cultural_Heritage,Theatre,51.5082266,-0.1314712,4056,3360,3698,3773,3535,3133,2805,2932,3032,2743,2718,2971,38756 
Victoria Palace Theatre,Cultural_Heritage,Theatre,51.4967567,-0.1425304,2874,2217,2257,2017,1979,1854,1883,2401,2033,1989,1989,2039,25532 
VocalEyes,Cultural_Heritage,Theatre,51.5213445,-0.122722,120,98,112,94,76,107,139,122,127,90,239,115,1439 
Witness for the Prosecution,Cultural_Heritage,Theatre,51.5015835,-0.1193047,287,358,168,118,146,80,104,139,162,160,331,202,2255 
Wraith,Cultural_Heritage,Theatre,51.532464,-0.1049895,4351,4008,6341,3731,3761,3456,3534,3620,3408,4137,4019,3441,47807 
Wyndham's Theatre,Cultural_Heritage,Theatre,51.511149,-0.1282794,3051,2887,2973,2225,3282,2329,1851,2446,2297,2246,2594,2260,30441 
Young Actors Theatre Islington,Cultural_Heritage,Theatre,51.536113,-0.110804,358,270,292,261,172,136,264,200,185,179,194,445,2956 
Addington Hills,Green_Recreation,Park,51.3629399,-0.0595524,177,177,208,175,190,188,157,197,181,155,170,171,2146 
Addiscombe Recreation Ground,Green_Recreation,Park,51.3777541,-0.0706515,18,20,33,22,20,16,20,23,18,21,28,19,258 
Almighty,Green_Recreation,Park,51.5116966,-0.1072971,655,560,2947,207,206,169,196,207,146,180,177,268,5918 
Area,Green_Recreation,Park,51.4884242,-0.1228358,9313,7773,8009,7354,7745,6373,6249,6740,7291,6857,6467,7450,87621 
Ashburton Playing Fields,Green_Recreation,Park,51.384691,-0.057497,23,29,24,42,20,30,31,26,21,30,31,36,343 
Avenue House Grounds,Green_Recreation,Park,51.5984633,-0.1950514,39,45,44,44,22,48,46,92,98,54,35,34,601 
Bandstand,Green_Recreation,Park,51.4657978,-0.0923404,1936,1602,1645,1591,1622,1477,1485,1547,1398,1327,1285,1200,18115 
Barnsbury Wood,Green_Recreation,Park,51.5417384,-0.1144333,57,44,41,25,49,61,22,31,28,39,40,40,477 
Be Military Fit,Green_Recreation,Park,51.521947,-0.087183,245,410,258,234,220,195,217,370,222,200,193,195,2959 
Beaulieu Heights,Green_Recreation,Park,51.41,-0.084,120,82,119,99,102,84,104,118,102,118,92,122,1262 
Bermondsey Spa Gardens,Green_Recreation,Park,51.494984,-0.0762158,100,90,117,101,101,70,67,80,70,66,94,60,1016 
Blackheath Common,Green_Recreation,Park,51.4715434,-0.0028512,93,74,90,86,96,81,84,151,110,96,68,78,1107 
Bonesgate Open Space,Green_Recreation,Park,51.361937,-0.2892699,24,24,29,20,23,20,18,28,24,19,26,20,275 
Brickfields Meadow,Green_Recreation,Park,51.3913786,-0.0744542,41,41,57,55,42,47,38,39,37,42,41,47,527 
Broadway Market,Green_Recreation,Park,51.5365569,-0.0609052,24,30,36,14,11,24,30,27,25,30,31,32,314 
Brook Green,Green_Recreation,Park,51.4962885,-0.2198828,495,490,495,457,414,542,469,515,591,543,502,481,5994 
Brookside,Green_Recreation,Park,51.5205602,-0.3911104,297,261,297,224,226,199,235,462,350,587,278,288,3704 
Cambridge Gardens,Green_Recreation,Park,51.4564781,-0.3074532,15,11,13,16,50,54,80,72,73,89,72,93,638 
Canbury Gardens,Green_Recreation,Park,51.4149866,-0.3072301,83,63,107,98,119,92,120,87,69,67,139,87,1131 
Carey Street,Green_Recreation,Park,51.5149995,-0.113685,158,156,149,161,158,152,149,145,258,160,203,109,1958 
Castle Green,Green_Recreation,Park,51.5326684,0.1171797,26,22,18,12,31,28,17,12,16,26,20,13,241 
Central Avenue,Green_Recreation,Park,51.5117705,-0.1226521,73,39,51,39,44,80,44,46,53,33,44,33,579 
Chalcot Square,Green_Recreation,Park,51.5410976,-0.1553021,381,303,320,295,339,334,357,378,353,384,357,503,4304 
Charles Square,Green_Recreation,Park,51.5271491,-0.0844406,593,528,611,686,590,589,636,621,633,666,472,417,7042 
Chinbrook Meadows,Green_Recreation,Park,51.4286639,0.0283142,60,59,85,47,76,77,50,76,62,72,65,65,794 
Clapham Common,Green_Recreation,Park,51.4628337,-0.1418607,2733,2214,2406,2204,2378,2183,2249,2365,2413,2391,2156,2296,27988 
Clapton Pond,Green_Recreation,Park,51.5565555,-0.0555991,161,185,207,152,144,145,173,194,157,131,133,155,1937 
Clapton Square,Green_Recreation,Park,51.5510108,-0.0540456,138,125,136,111,94,120,120,100,97,116,139,128,1424 
College Green,Green_Recreation,Park,51.408076,0.013483,44,55,37,30,23,27,37,18,15,24,18,17,345 
Coombe Wood,Green_Recreation,Park,51.3613979,-0.0703659,111,104,154,125,118,90,122,133,107,98,72,69,1303 
Coram's Fields,Green_Recreation,Park,51.5243864,-0.1200291,363,333,383,378,413,420,396,440,302,366,463,296,4553 
Cranmer Green,Green_Recreation,Park,51.3988489,-0.1624185,17,13,22,13,15,18,18,22,16,22,18,18,212 
Croydon Road Recreation Ground,Green_Recreation,Park,51.4022977,-0.0308159,62,41,40,54,50,72,52,85,67,38,50,38,649 
Dean Gardens,Green_Recreation,Park,51.5103037,-0.3213584,879,605,1273,736,827,3453,1983,971,1145,1035,824,1358,15089 
Devonshire Avenue Nature Area,Green_Recreation,Park,51.3541213,-0.188025,17,18,29,17,18,24,6,24,21,18,22,21,235 
Duck Island,Green_Recreation,Park,51.5029909,-0.1300401,89,69,91,112,82,79,79,144,90,87,71,96,1089 
Ducketts Common,Green_Recreation,Park,51.5899837,-0.1037485,85,66,50,56,60,86,81,103,118,82,110,44,941 
Duke's Hollow,Green_Recreation,Park,51.47273,-0.25657,20,17,25,26,12,34,18,29,34,24,31,21,291 
Dukes Meadows,Green_Recreation,Park,51.4793251,-0.253998,288,246,293,302,366,397,437,358,294,309,625,291,4206 
Eaglesfield,Green_Recreation,Park,51.4697072,0.0705382,9,19,14,3,7,5,9,11,18,13,17,8,133 
East Greenwich Pleasaunce,Green_Recreation,Park,51.4848869,0.0137689,80,72,86,101,97,71,102,114,101,101,97,89,1111 
Eltham Common,Green_Recreation,Park,51.467871,0.058724,51,61,62,64,48,56,55,63,51,48,57,51,667 
Epping Forest,Green_Recreation,Park,51.6343625,0.0185033,7569,5696,5952,6371,5984,4612,6243,7106,5670,6206,5633,5776,72818 
Euston Square Gardens,Green_Recreation,Park,51.5270749,-0.1324425,87,61,69,64,79,67,75,78,80,89,60,70,879 
Exchange Square,Green_Recreation,Park,51.520088,-0.0808142,28,9,8,16,8,9,18,17,10,9,7,13,152 
Figges Marsh,Green_Recreation,Park,51.4164124,-0.1604159,82,110,89,70,89,83,100,87,89,93,84,92,1068 
Fortune Green,Green_Recreation,Park,51.5545562,-0.1973692,94,115,102,80,92,98,105,103,103,98,86,104,1180 
Garrick's Villa,Green_Recreation,Park,51.4123866,-0.3588253,167,170,233,281,198,368,470,278,205,424,215,265,3274 
George Green,Green_Recreation,Park,51.5735521,0.0273128,182,155,170,175,220,135,151,124,160,139,146,132,1889 
"Grove Farm, Ealing",Green_Recreation,Park,51.5538642,-0.3414061,27,36,29,25,28,31,12,40,35,20,20,30,333 
Gutteridge Wood and Meadows,Green_Recreation,Park,51.5460693,-0.4281409,27,20,30,25,17,21,17,19,22,21,26,15,260 
Hackney Downs,Green_Recreation,Park,51.5549216,-0.0653456,311,323,382,375,350,284,369,345,294,306,239,230,3808 
Hackney Marshes,Green_Recreation,Park,51.5579514,-0.0312627,1280,2311,1606,1134,1362,1203,1024,2441,1734,1219,1065,1017,17396 
Ham Common,Green_Recreation,Park,51.4351539,-0.3072848,11,7,21,9,4,4,10,8,8,9,6,10,107 
Hampstead Heath,Green_Recreation,Park,51.5565723,-0.1594133,11858,12663,12511,10447,10300,10933,11511,10799,9177,10433,8529,9721,128882 
Harleyford Road Community Garden,Green_Recreation,Park,51.4846293,-0.1185522,39,34,18,14,24,7,21,34,22,18,19,26,276 
Harrow,Green_Recreation,Park,51.5811614,-0.335562,756,625,633,629,1617,584,512,663,642,586,550,564,8361 
Hayes Common,Green_Recreation,Park,51.3672409,0.0240882,95,68,79,69,94,94,79,89,59,57,76,70,929 
Hewitt's Chalk Bank,Green_Recreation,Park,51.3455219,0.1228926,11,14,14,14,6,8,11,8,11,15,22,11,145 
Highbury Fields,Green_Recreation,Park,51.5478963,-0.104208,236,245,241,263,248,227,264,259,229,206,251,210,2879 
Highlands Gardens,Green_Recreation,Park,51.6481948,-0.1862298,43,34,48,37,37,36,31,35,24,26,39,29,419 
Hilly Fields,Green_Recreation,Park,51.6698506,-0.0863181,16,14,13,14,7,2,15,8,9,12,13,14,137 
Hounslow Heath,Green_Recreation,Park,51.463327,-0.386148,837,604,802,651,615,604,568,671,593,629,587,585,7746 
Island Gardens,Green_Recreation,Park,51.4871523,-0.0079505,257,237,305,311,223,204,230,279,203,231,237,225,2942 
Jesus Green,Green_Recreation,Park,51.5289868,-0.0677984,238,202,294,279,301,335,332,317,195,257,216,222,3188 
Kenwood,Green_Recreation,Park,51.5693034,-0.1687816,324,287,332,308,284,262,254,232,244,343,386,305,3561 
Kew Gardens,Green_Recreation,Park,51.4796567,-0.2922634,10417,12214,12032,12244,13515,10968,13179,12165,10026,9967,8738,9029,134494 
Kew Green,Green_Recreation,Park,51.4849654,-0.2890973,231,237,248,241,238,249,230,221,226,245,211,206,2783 
King George V Memorial Gardens,Green_Recreation,Park,51.612631,-0.2949732,8,3,7,4,1,3,3,7,4,5,7,3,55 
King Square Gardens,Green_Recreation,Park,51.5271977,-0.0988789,39,60,40,39,47,59,57,79,28,44,39,43,574 
King's Meadow,Green_Recreation,Park,51.4194329,0.0203667,29,28,28,22,22,10,12,38,32,41,20,27,309 
Kingston Hill,Green_Recreation,Park,51.4152636,-0.2850122,41,40,37,35,40,23,40,37,29,22,25,40,409 
Kingston Vale,Green_Recreation,Park,51.4313361,-0.2557771,320,271,285,202,240,224,233,341,346,297,302,307,3368 
Lacey Green,Green_Recreation,Park,51.3004907,-0.1179336,193,130,161,121,145,151,120,128,129,150,141,153,1722 
Leader's Gardens,Green_Recreation,Park,51.4698464,-0.2220542,28,18,45,25,24,38,28,36,37,38,40,28,385 
Lesnes Abbey,Green_Recreation,Park,51.4890855,0.1288224,735,684,888,897,889,708,675,939,783,676,608,617,9099 
Lincoln's Inn Fields,Green_Recreation,Park,51.5161885,-0.1165381,2465,2807,2882,2712,2626,2484,2366,2578,2528,2462,2209,1921,30040 
Little Common,Green_Recreation,Park,51.5962646,-0.3864518,34,15,26,23,21,24,14,28,35,28,20,14,282 
Little Green,Green_Recreation,Park,51.4625979,-0.303971,31,19,20,24,26,17,12,19,22,25,24,16,255 
London Fields,Green_Recreation,Park,51.5431207,-0.0589536,1433,1447,2647,1675,1489,1501,1574,1616,1209,1120,1200,994,17905 
Long Lane Pasture,Green_Recreation,Park,51.5968821,-0.1814032,26,23,32,10,32,16,26,45,19,22,23,28,302 
Lyttelton Playing Fields,Green_Recreation,Park,51.5836664,-0.177126,28,22,50,33,34,37,34,57,27,38,24,28,412 
Marble Hill Park,Green_Recreation,Park,51.4494044,-0.3154659,87,83,87,121,87,103,70,107,107,89,81,67,1089 
Meath Gardens,Green_Recreation,Park,51.5279142,-0.0447713,114,79,105,88,101,97,86,148,183,175,213,189,1578 
Minchenden Oak Garden,Green_Recreation,Park,51.6244545,-0.1293194,74,65,76,159,76,69,66,138,120,86,47,69,1045 
Mitcham Common,Green_Recreation,Park,51.396604,-0.1483314,167,158,197,226,207,209,179,222,154,151,135,144,2149 
Nelson Square,Green_Recreation,Park,51.5027067,-0.1036773,86,93,109,90,75,81,111,139,112,104,106,93,1199 
Nelson's Ship in a Bottle,Green_Recreation,Park,51.4802868,-0.0052967,480,457,641,560,502,394,336,373,424,660,1019,401,6247 
New Hill,Green_Recreation,Park,51.3042338,-0.1285523,9,7,5,3,1,2,6,4,4,3,6,9,59 
Newington Gardens,Green_Recreation,Park,51.4973741,-0.0968603,50,53,53,57,39,43,93,69,56,45,45,41,644 
Newington Green,Green_Recreation,Park,51.551505,-0.0852971,870,700,1020,774,679,572,984,1494,1053,628,699,575,10048 
North Down,Green_Recreation,Park,51.3449825,-0.0226548,31,23,21,26,14,8,21,19,65,24,32,26,310 
North Sheen Recreation Ground,Green_Recreation,Park,51.4702681,-0.2833066,44,28,58,36,9,32,38,37,37,38,50,36,443 
Norwood Grove,Green_Recreation,Park,51.4168739,-0.1136537,65,66,79,84,61,55,77,105,113,63,70,74,912 
Nowhere,Green_Recreation,Park,51.5121,-0.1263,471,392,421,363,358,460,336,345,332,364,373,361,4576 
Old Court House Recreation Ground,Green_Recreation,Park,51.6508138,-0.2027181,25,22,35,36,33,30,32,31,28,38,24,26,360 
Parc,Green_Recreation,Park,51.5165709,0.0277209,88,75,73,74,67,74,91,70,48,72,72,80,884 
Parking lot,Green_Recreation,Park,51.5033404,-0.221044,3994,3326,3659,3283,3343,3022,3353,3272,3174,3422,3194,3160,40202 
Parkland,Green_Recreation,Park,51.5881756,-0.1424703,296,247,240,284,301,184,397,325,293,279,250,299,3395 
Parkland Walk,Green_Recreation,Park,51.5742,-0.1245,1043,962,1614,2152,1502,1297,1215,1457,1856,1214,967,887,16166 
Parsons Green,Green_Recreation,Park,51.473128,-0.1998959,1286,1199,1218,1217,1192,1332,1200,1248,1234,1308,1083,1082,14599 
Peak District,Green_Recreation,Park,51.5053475,-0.0890371,12335,9862,10370,18773,11159,9162,9357,11031,9382,9727,8461,8874,128493 
Plumstead Common,Green_Recreation,Park,51.4829592,0.0786072,595,474,444,553,495,348,312,486,433,474,510,414,5538 
Pollards Hill,Green_Recreation,Park,51.4027152,-0.1262742,314,337,350,300,260,243,260,308,293,285,278,261,3489 
Quaker Gardens,Green_Recreation,Park,51.5239429,-0.0911632,8,9,4,2,3,1,3,5,2,2,4,1,44 
Queens Gardens,Green_Recreation,Park,51.4043332,0.018443,28,29,24,20,14,16,31,21,14,21,17,18,253 
Rectory Meadow,Green_Recreation,Park,51.4335726,-0.3956215,8,14,14,10,10,5,7,19,20,12,14,10,143 
Riddlesdown Common,Green_Recreation,Park,51.3235222,-0.0905272,65,68,73,91,75,69,74,74,59,69,75,53,845 
River Roding,Green_Recreation,Park,51.583418,0.040224,1334,649,665,580,526,542,940,635,865,606,547,539,8428 
Rotary Field,Green_Recreation,Park,51.3420302,-0.1119745,48,45,33,51,34,28,40,55,56,52,72,71,585 
Royal Botanic Gardens,Green_Recreation,Park,51.4803844,-0.2890817,69,51,64,40,45,26,25,70,34,36,34,37,531 
Ruislip Woods,Green_Recreation,Park,51.584333,-0.420805,161,119,151,155,158,157,141,170,149,185,177,168,1891 
Shoulder of Mutton Green,Green_Recreation,Park,51.4666168,0.0924938,23,27,31,40,28,36,23,32,22,33,33,38,366 
South Norwood Lake and Grounds,Green_Recreation,Park,51.4059232,-0.0752782,147,92,135,144,151,140,148,166,142,118,78,99,1560 
South Norwood Recreation Ground,Green_Recreation,Park,51.3953325,-0.0780303,21,33,24,29,18,29,32,30,20,22,32,23,313 
St George's Square,Green_Recreation,Park,51.4872254,-0.13504,560,379,415,429,355,425,434,441,462,496,394,403,5193 
St John's Gardens,Green_Recreation,Park,51.4944021,-0.1280216,13,12,13,6,6,13,12,10,11,12,14,7,129 
"St Peter's Church, Hammersmith",Green_Recreation,Park,51.4919752,-0.2438571,129,105,145,93,129,98,105,126,121,136,138,139,1464 
Sutton Green,Green_Recreation,Park,51.371173,-0.1952153,9,6,15,6,5,2,8,10,14,6,14,9,104 
Swan Lane Open Space,Green_Recreation,Park,51.6240598,-0.1799179,60,45,67,56,39,48,48,69,43,42,44,66,627 
Sydenham Hill Wood,Green_Recreation,Park,51.4351,-0.067627,423,409,451,567,398,391,1794,1214,549,438,479,418,7531 
The Burghers of Calais,Green_Recreation,Park,51.4974645,-0.1249593,10906,52138,11970,9316,9420,8437,8865,24964,8349,15260,8247,6425,174297 
The Croft,Green_Recreation,Park,51.5815739,-0.3866879,133,151,77,43,118,125,92,52,201,255,171,165,1583 
The Funhouse,Green_Recreation,Park,51.469095,-0.1250218,5231,4914,5891,5339,5566,5325,11988,10041,10009,17448,7030,4961,93743 
The Grove,Green_Recreation,Park,51.3666114,-0.1613315,172,155,171,183,122,99,118,125,106,157,144,185,1737 
The Lake,Green_Recreation,Park,51.503932,-0.097871,92,81,99,104,119,99,116,89,101,93,122,281,1396 
The Lawns,Green_Recreation,Park,51.4118721,-0.0920764,281,278,319,281,232,473,270,327,425,306,234,225,3651 
The Meadow,Green_Recreation,Park,51.425731,-0.315563,20,21,11,16,15,5,8,16,13,13,19,13,170 
The Memorial,Green_Recreation,Park,51.4364637,-0.2446952,139,137,149,163,146,137,100,154,142,106,166,113,1652 
The Mill Field,Green_Recreation,Park,51.6223922,-0.2358666,52,49,69,49,38,40,36,59,47,69,42,40,590 
The Pleasance,Green_Recreation,Park,51.4614607,-0.2360634,444,416,411,380,330,353,523,1457,371,382,349,301,5717 
The Royal Parks,Green_Recreation,Park,51.4736572,-0.0011973,1351,1278,1216,1522,1509,1248,1246,1656,1438,1757,1254,1333,16808 
The Warren,Green_Recreation,Park,51.3608555,-0.1780313,115,98,86,112,110,81,93,140,114,92,98,85,1224 
The Woodlands,Green_Recreation,Park,51.5079579,-0.2753583,56,47,55,31,47,40,40,60,62,34,108,69,649 
Tottenham Marshes,Green_Recreation,Park,51.59619,-0.0553562,1761,1181,785,524,990,364,314,548,485,469,424,318,8163 
Tower Gardens Estate,Green_Recreation,Park,51.5985286,-0.0833674,125,140,191,197,176,104,173,126,163,138,126,142,1801 
Tudor Sports Ground,Green_Recreation,Park,51.6559411,-0.1785604,17,7,22,17,13,20,17,17,25,32,26,32,245 
Turnham Green,Green_Recreation,Park,51.4911878,-0.2681167,597,502,598,550,534,463,485,500,483,504,1866,553,7635 
Tylers Common,Green_Recreation,Park,51.592299,0.2591248,64,45,48,41,31,33,25,59,26,34,41,48,495 
Version 1,Green_Recreation,Park,51.5052691,-0.1088786,1027,907,1172,880,879,919,927,870,1022,988,975,728,11294 
Vicarage Road,Green_Recreation,Park,51.4280611,-0.3307504,3790,3811,3307,3054,3036,1932,2352,3401,2921,3016,2807,2902,36329 
Victoria Embankment Gardens,Green_Recreation,Park,51.5079906,-0.1223516,300,289,461,940,549,513,515,551,340,404,347,318,5527 
Victoria Recreation Ground,Green_Recreation,Park,51.3891092,-0.3149825,35,23,49,24,21,48,45,82,48,40,40,71,526 
Victoria Tower Gardens,Green_Recreation,Park,51.4949264,-0.1247433,422,462,451,336,340,366,372,348,274,371,411,298,4451 
Virgin Active,Green_Recreation,Park,51.4949505,-0.2763411,2495,2008,2174,1870,1968,1806,2006,2025,1962,1821,2175,1926,24236 
Waddon Ponds,Green_Recreation,Park,51.3699758,-0.1203941,67,108,90,68,71,69,83,73,69,64,57,67,886 
Walthamstow Marshes,Green_Recreation,Park,51.5683902,-0.0478933,196,212,179,196,176,156,293,181,155,190,149,151,2234 
Wandsworth Common,Green_Recreation,Park,51.4564686,-0.1784336,1194,976,878,813,1092,1121,956,1116,911,987,1146,1668,12858 
Westerley Ware,Green_Recreation,Park,51.4856296,-0.2865935,14,16,27,10,16,26,10,21,23,18,19,26,226 
Wood Farm,Green_Recreation,Park,51.6279204,-0.313591,1683,1567,2424,1979,1818,1352,1901,2554,2481,50103,17664,6588,92114 
Yeading Brook Meadows,Green_Recreation,Park,51.5301414,-0.4185922,16,18,26,25,22,29,25,22,23,30,27,31,294 
Carousel,Green_Recreation,Amusement_park,51.5226065,-0.0622011,10920,9390,12525,11513,11687,9906,12903,12089,11368,10570,11223,11556,135650 
Dragon's Fury,Green_Recreation,Amusement_park,51.3478945,-0.3191822,57,47,51,42,35,27,34,34,27,35,37,26,452 
KOBRA,Green_Recreation,Amusement_park,51.3479722,-0.3206233,117,108,117,95,116,75,89,121,100,114,132,105,1289 
Rattlesnake,Green_Recreation,Amusement_park,51.3487713,-0.3178275,30478,30904,32344,31032,39511,33105,28684,30799,24630,23849,20093,21511,346940 
The Gruffalo River Ride Adventure,Green_Recreation,Amusement_park,51.3477333,-0.3159879,244,292,502,468,504,413,381,490,363,378,334,253,4622 
The Slide,Green_Recreation,Amusement_park,51.538346,-0.013075,99,96,96,79,97,82,80,91,100,86,64,73,1043 
Tiny Truckers,Green_Recreation,Amusement_park,51.3481693,-0.3177321,30,74,69,52,52,32,41,50,41,40,35,26,542 
Wild Asia,Green_Recreation,Amusement_park,51.3476966,-0.3205576,44,72,65,61,63,55,57,101,70,78,85,49,800 
Winter Wonderland,Green_Recreation,Amusement_park,51.5079289,-0.1659672,7599,3316,3502,2391,2267,2135,3694,3080,3597,4767,14922,53966,105236 
Crossness Nature Reserve,Green_Recreation,Nature_reserve,51.505295,0.150304,54,58,46,61,53,36,24,47,36,55,62,40,572 
Ickenham Marsh,Green_Recreation,Nature_reserve,51.5554022,-0.4327186,22,29,41,28,22,30,20,36,18,38,34,20,338 
Oak Avenue Local Nature Reserve,Green_Recreation,Nature_reserve,51.427827,-0.3869322,21,19,69,13,12,19,26,16,7,19,27,30,278 
Pages Wood,Green_Recreation,Nature_reserve,51.5813917,0.2524909,34,23,29,32,22,15,27,31,34,24,35,20,326 
The Manor,Green_Recreation,Nature_reserve,51.6127378,0.2371356,65,71,88,85,107,71,100,90,104,141,138,108,1168 
Woodridge Nature Reserve,Green_Recreation,Nature_reserve,51.6230202,-0.1953138,17,23,39,19,13,10,22,24,20,23,23,23,256 
WWT London Wetland Centre,Green_Recreation,Nature_reserve,51.477064,-0.235296,547,511,601,660,710,561,557,642,485,421,468,555,6718 
Bugs,Green_Recreation,Zoo,51.5340155,-0.152105,571,473,566,593,585,539,502,579,551,654,485,470,6568 
Dallas Zoo,Green_Recreation,Zoo,51.4185519,-0.0630798,1054,1053,3640,1287,1570,1135,1233,1032,863,829,936,958,15590 
London Butterfly House,Green_Recreation,Zoo,51.478635,-0.317118,181,195,259,269,258,206,276,342,213,179,129,130,2637 
London zoo,Green_Recreation,Zoo,51.6626201,-0.0727201,6601,6352,7263,6980,6410,5904,6142,6528,5372,5616,5361,5069,73598 
Outback,Green_Recreation,Zoo,51.534547,-0.156468,21908,19514,20404,17691,19812,15502,19065,17331,16111,17593,22266,23177,230374 
Perth Zoo,Green_Recreation,Zoo,51.4090986,-0.0551413,1002,597,597,669,708,596,668,693,515,640,801,616,8102 
The Zoo,Green_Recreation,Zoo,51.4696582,-0.170181,213,273,231,201,189,178,318,283,269,235,339,232,2961 
Autism in Love,Commercial,Shopping_center,51.58861,-0.03122,259,263,318,913,509,223,274,191,188,184,183,157,3662 
Blue Water,Commercial,Shopping_center,51.4859944,0.1025483,239,186,206,136,201,202,172,183,213,167,182,212,2299 
Brent Cross Shopping Centre,Commercial,Shopping_center,51.5762561,-0.2236533,1760,1264,1341,1248,1135,1004,1102,1180,1048,1074,1181,1495,14832 
Broadway Shopping Centre,Commercial,Shopping_center,51.4561377,0.1466716,404,306,277,330,305,292,350,333,251,201,228,380,3657 
"Bullring, Birmingham",Commercial,Shopping_center,51.6471839,-0.2152677,4047,4390,4063,3348,3532,2983,3797,3864,3111,3776,3672,3227,43810 
Canary Wharf,Commercial,Shopping_center,51.5001524,-0.1262362,24328,21250,23440,22672,21280,20025,23847,27619,22054,22069,21257,19416,269257 
Cardinal Place,Commercial,Shopping_center,51.4971642,-0.1411141,247,232,288,232,222,216,209,224,188,201,192,202,2653 
Chrisp Street Market,Commercial,Shopping_center,51.512573,-0.0144392,612,551,585,467,516,383,393,481,509,457,509,436,5899 
Closeout,Commercial,Shopping_center,51.522142,-0.135613,48,48,55,143,32,25,32,30,31,40,28,47,559 
Colindale,Commercial,Shopping_center,51.585989,-0.249372,1967,1642,1942,1592,1648,1513,1510,1743,1470,1434,1387,2171,20019 
Connaught Village,Commercial,Shopping_center,51.514514,-0.1654113,121,201,170,114,119,79,110,141,108,183,250,132,1728 
Exchange Ilford,Commercial,Shopping_center,51.5614281,0.0852704,195,146,128,118,101,132,141,152,94,152,191,168,1718 
Gallions Reach,Commercial,Shopping_center,51.51047,0.07661,431,453,462,596,500,411,406,496,530,397,391,406,5479 
Harrods,Commercial,Shopping_center,51.4719852,-0.4889201,38445,35956,41155,28190,27672,27459,26847,29602,27321,26413,32456,34750,376266 
Harvey Nichols,Commercial,Shopping_center,51.4929002,-0.271257,5153,3439,3794,3063,3010,2829,2786,3270,3041,3274,4106,3963,41728 
Hay's Galleria,Commercial,Shopping_center,51.5056646,-0.083428,811,842,975,999,974,798,930,1098,1069,972,1123,1127,11718 
Jumbe,Commercial,Shopping_center,51.5177633,-0.0924291,25,31,24,14,18,5,12,8,16,11,13,18,195 
King's Cross,Commercial,Shopping_center,51.5356585,-0.1253128,99,99,133,77,82,72,89,87,90,75,109,91,1103 
Lakeside Shopping Center,Commercial,Shopping_center,51.5501572,0.2852223,388,296,373,294,372,377,373,520,355,349,454,586,4737 
Leadenhall Market,Commercial,Shopping_center,51.5127492,-0.0834856,5669,5156,5451,4940,4813,4569,5103,5227,4463,5840,7368,6515,65114 
Lipo,Commercial,Shopping_center,51.55606,-0.14625,134,116,107,125,436,78,105,134,103,122,81,90,1631 
Livat Hammersmith,Commercial,Shopping_center,51.49295,-0.2284814,259,289,275,236,204,160,145,319,216,250,245,271,2869 
London Designer Outlet,Commercial,Shopping_center,51.5566344,-0.2833485,393,357,378,340,397,321,392,407,331,335,381,318,4350 
London Pavilion,Commercial,Shopping_center,51.50945,-0.13566,820,723,685,628,591,598,713,739,642,909,766,678,8492 
Market House,Commercial,Shopping_center,51.5459777,-0.4794079,17,4,14,5,4,3,10,6,21,15,17,15,131 
One New Change,Commercial,Shopping_center,51.5139,-0.0955314,630,649,625,677,698,657,634,701,763,662,728,583,8007 
Oxford Street,Commercial,Shopping_center,51.4990984,-0.1132608,11227,5484,5673,5068,4873,4786,4419,5369,5396,4951,4824,5209,67279 
Pavilion Road,Commercial,Shopping_center,51.49322,-0.15865,253,254,339,337,311,327,324,342,332,313,214,213,3559 
Playground,Commercial,Shopping_center,51.5967558,-0.1169763,6913,6348,7228,4639,5026,4339,4590,4641,5056,4360,5197,5319,63656 
Princes Arcade,Commercial,Shopping_center,51.5086216,-0.137687,84,96,92,100,84,78,83,101,92,106,106,120,1142 
Putney Exchange,Commercial,Shopping_center,51.464104,-0.2166962,104,112,118,108,105,81,96,116,111,113,108,100,1272 
Royal Arcade,Commercial,Shopping_center,51.5091283,-0.141355,14,6,10,11,7,2,10,8,8,10,11,5,102 
Shopping,Commercial,Shopping_center,51.40749,-0.28751,6566,5429,7510,4490,4943,3463,3745,4375,6599,6189,4720,4609,62638 
SM Megamall,Commercial,Shopping_center,51.5893536,0.0522946,5181,3594,3592,3400,3752,3599,3260,3714,3302,2791,3006,3104,42295 
South Kensington,Commercial,Shopping_center,51.4940456,-0.1744539,4644,4424,5587,4664,4802,4125,4775,4743,4563,4669,4635,4227,55858 
St George's Shopping Centre,Commercial,Shopping_center,51.5811,-0.3392109,19,13,11,14,10,6,7,12,14,13,16,8,143 
Surrey Quays Shopping Centre,Commercial,Shopping_center,51.4952082,-0.0468558,422,411,410,445,389,333,402,409,371,445,328,318,4683 
The Balcony,Commercial,Shopping_center,51.502411,-0.111357,1581,1321,1521,1531,1690,1249,1280,1345,1392,1848,1632,1510,17900 
The Centre,Commercial,Shopping_center,51.4461506,-0.4114581,66,27,69,59,38,26,53,48,37,86,34,50,593 
The Chimes,Commercial,Shopping_center,51.5454876,-0.4766059,2265,1030,1200,985,867,903,770,1055,1019,1174,2510,7713,21491 
The Home Front,Commercial,Shopping_center,51.481398,-0.0092336,352,330,311,344,453,438,412,313,335,378,351,344,4361 
The Mall,Commercial,Shopping_center,51.4024223,0.0168412,1307,943,1026,1096,1447,1014,1088,1132,846,928,912,966,12705 
The Mall Wood Green,Commercial,Shopping_center,51.5946445,-0.1086828,794,788,775,648,750,1400,837,795,646,820,542,758,9553 
Tipu,Commercial,Shopping_center,51.54822,0.07709,91,87,81,87,38,35,49,39,48,107,59,38,759 
Victoria Place,Commercial,Shopping_center,51.4947015,-0.1458064,212,173,149,130,119,112,125,162,115,141,160,167,1765 
Wembley Central,Commercial,Shopping_center,51.5525157,-0.2959411,9,5,10,11,10,6,8,12,3,12,12,5,103 
West One,Commercial,Shopping_center,51.5139402,-0.1493641,32,29,28,31,43,42,36,38,45,47,56,30,457 
Westfield London,Commercial,Shopping_center,51.507701,-0.2212071,8442,6279,6550,6087,5348,5673,9176,7447,5882,6845,6516,6750,80995 
Westfield Stratford City,Commercial,Shopping_center,51.5406,-0.0163872,2892,2380,3646,2310,2160,2150,2480,2677,2558,2526,2392,2553,30724 
Whitgift Centre,Commercial,Shopping_center,51.374425,-0.1023611,1008,810,1400,936,931,799,842,1165,981,1026,1394,971,12263 